881585651627548672	Ironic
881526005126623232	Non-Ironic
881433477853306880	Non-Ironic
881398008088285185	Ironic
881358288423493632	Ironic
881236902577192961	Ironic
881125965472169984	Ironic
881039520203907072	Non-Ironic
880880058298138625	Ironic
880831051140141056	Ironic
880825412527431680	Ironic
880762772153286656	Ironic
880687165470109696	Ironic
880653412098027525	Ironic
843365459412107264	Ironic
843319158733463553	Ironic
843318612463161344	Ironic
843099712941146112	Ironic
843053601928888320	Non-Ironic
843050411086893057	Non-Ironic
842976704670908416	Ironic
842849851784097792	Ironic
842820550762397697	Non-Ironic
842341578974892032	Ironic
842227759061598208	Ironic
842212707352907777	Non-Ironic
842126876348932100	Ironic
842110142422347776	Non-Ironic
842022083156676608	Non-Ironic
842006961474289664	Ironic
841975701087617024	Ironic
841935759359774722	Non-Ironic
841718433582465024	Non-Ironic
841565634295152640	Non-Ironic
895717364699865088	Non-Ironic
895696019005898758	Ironic
895642385606221825	Ironic
895633985707102209	Ironic
895622859233439745	Non-Ironic
895610393644511235	Ironic
895561060459003904	Ironic
895515643801292800	Ironic
895489915898675200	Ironic
895347653705437190	Ironic
895284865033175040	Ironic
895283323018256384	Non-Ironic
895242350099742720	Ironic
895194229315518464	Non-Ironic
895171711133515777	Ironic
895147359037992960	Non-Ironic
895136903720189952	Non-Ironic
895120471166902273	Non-Ironic
894969720150962176	Ironic
894964254016536577	Non-Ironic
894921874332934144	Ironic
894853385597460481	Ironic
894831144973156352	Ironic
894592996053626881	Non-Ironic
894570832281862144	Ironic
894560318336139264	Ironic
894556194475450368	Ironic
894504050120687620	Non-Ironic
894493707793080321	Ironic
894429092065443840	Non-Ironic
894406384908881920	Non-Ironic
894315222302896131	Non-Ironic
894294394039181312	Ironic
894280732314443776	Ironic
894232916024324098	Ironic
894168800400158720	Ironic
894143822531252224	Non-Ironic
894058735693443074	Ironic
893843021837381635	Ironic
893790402549035008	Ironic
893782856664797184	Non-Ironic
938007210419920896	Non-Ironic
958561492219191297	Non-Ironic
923227840358653952	Non-Ironic
917320597725515776	Non-Ironic
959650723515346945	Non-Ironic
889354801779286016	Non-Ironic
884317875108012032	Non-Ironic
907519927975780353	Ironic
885871850940768257	Ironic
940452805910831105	Non-Ironic
910602747522703360	Non-Ironic
892285833297838082	Non-Ironic
897841912148709377	Non-Ironic
896267423489380353	Non-Ironic
932693426205704194	Non-Ironic
912275819715862528	Ironic
838612496843886592	Non-Ironic
895634144226459648	Non-Ironic
890830738588749824	Non-Ironic
920200690227601408	Non-Ironic
840052920703942656	Ironic
875371008395530241	Ironic
940228250248163328	Non-Ironic
939516044024016897	Non-Ironic
934051775677648896	Ironic
909255908311445504	Non-Ironic
961238695624957952	Non-Ironic
829966034610307074	Non-Ironic
847853149113073664	Non-Ironic
868700909097820160	Ironic
868358512975372290	Non-Ironic
867730240780386304	Non-Ironic
825647998394826752	Non-Ironic
825038393331552256	Non-Ironic
909267017105944576	Non-Ironic
923223218931904512	Ironic
916691289340440576	Non-Ironic
873929604381241345	Non-Ironic
872063083824414720	Ironic
959707726698881024	Ironic
929675964216377345	Ironic
855121626110840833	Ironic
890294850142093312	Non-Ironic
901698846387879936	Non-Ironic
951360791495626752	Ironic
951033966538059776	Ironic
907256024263942144	Non-Ironic
887033676634013696	Non-Ironic
886276877219909633	Non-Ironic
874900295230398466	Ironic
944981570342961152	Non-Ironic
940880773716103169	Ironic
943362184385404928	Non-Ironic
942801631216779264	Ironic
942799643653570560	Ironic
941619763859435520	Ironic
934654038116679680	Ironic
836584002358292480	Ironic
836498662133989376	Ironic
836473610927689728	Non-Ironic
836310283962429440	Ironic
836272422722555904	Ironic
836224664401821696	Ironic
836136997337055232	Non-Ironic
836092050365788161	Non-Ironic
835965877250043904	Non-Ironic
835939898217619456	Ironic
835918048703893508	Non-Ironic
835909821606072320	Ironic
835562890874785794	Ironic
835025226018717696	Ironic
834976739185020928	Ironic
858763129328631812	Ironic
858672101691207680	Ironic
858243526076792833	Ironic
858183045274230784	Ironic
858039211122978816	Ironic
857936028660711424	Non-Ironic
857833591002234881	Non-Ironic
857662095487254528	Ironic
857639584980709377	Ironic
857587552563417089	Ironic
857567365344763904	Ironic
857318178011172864	Ironic
857134426618245120	Ironic
857089308901158912	Non-Ironic
857039398390706176	Ironic
856985191319044102	Ironic
856776225477476352	Ironic
878240620682371076	Ironic
878234549263532032	Non-Ironic
878174919384629248	Ironic
8.78172E+17	Ironic
878116658434383872	Ironic
877948288242073601	Ironic
877925719854039040	Ironic
877906621086572544	Ironic
877898509592051713	Ironic
877855641066291205	Ironic
877803702400106497	Non-Ironic
877735093707603968	Ironic
877564259093274626	Non-Ironic
877553826751930368	Non-Ironic
877552625956384769	Ironic
877521345768288256	Ironic
877493724573454336	Ironic
877453277280870400	Non-Ironic
877360916873961473	Non-Ironic
877161997669773312	Non-Ironic
877132920372174848	Non-Ironic
877090671353446401	Ironic
877041689529114624	Ironic
876810008398356484	Non-Ironic
876778345379143680	Non-Ironic
876705916434894848	Ironic
876532456328974337	Non-Ironic
876477062642450433	Non-Ironic
876475214539796480	Ironic
876469367013220352	Non-Ironic
876459127806992385	Ironic
876417810485981184	Non-Ironic
876410647428308993	Non-Ironic
876409072240664576	Non-Ironic
876348952395829248	Ironic
876327980682924032	Ironic
876305884338470912	Ironic
876289265738461184	Ironic
904376574627110913	Non-Ironic
904351464885293056	Ironic
904310438782877697	Non-Ironic
904101034850639872	Ironic
903947028207566848	Non-Ironic
903907888824950784	Non-Ironic
903867082646765570	Ironic
903811238987055105	Ironic
903673994305351680	Ironic
903663879024082944	Ironic
903546644498489344	Non-Ironic
903483493820227590	Non-Ironic
903344570074791936	Ironic
903306684747022336	Non-Ironic
902958061731561472	Ironic
902929466791419904	Ironic
902808704138883072	Non-Ironic
902601699084328963	Ironic
902532166181044224	Ironic
902506568700350464	Non-Ironic
902484948963037184	Non-Ironic
902470704586559488	Non-Ironic
902383960205828096	Non-Ironic
884852796645933056	Ironic
884629566555160576	Non-Ironic
884602155323334656	Ironic
884515598817951745	Ironic
884464456125865984	Ironic
884454846962597888	Ironic
884425819073982469	Non-Ironic
884405789108051969	Non-Ironic
884329614767669250	Ironic
884273863252525057	Ironic
884099977269583872	Ironic
884045492572884996	Ironic
883981395416285185	Ironic
883955165509713920	Ironic
883920669527990272	Ironic
883897053335695362	Non-Ironic
883754718232592384	Ironic
883624346266222592	Ironic
883618199224307712	Ironic
883329018547720192	Non-Ironic
883212127493697536	Ironic
883060386517221376	Non-Ironic
883000562047954945	Ironic
882962593861840900	Non-Ironic
882952902175670272	Ironic
882918006438998016	Ironic
882915597222268928	Ironic
882907870878027778	Non-Ironic
882863921517912064	Non-Ironic
882794296067448833	Non-Ironic
952266311064805376	Ironic
952226344699559936	Ironic
952173232626458624	Ironic
952085944223522816	Ironic
952056749548122112	Ironic
952019058878160898	Ironic
952007087688568833	Non-Ironic
951949470165491712	Ironic
951890601997414405	Non-Ironic
951884843700305921	Ironic
951861423721852928	Non-Ironic
951806556852678657	Ironic
951776492253360128	Non-Ironic
951734517571534848	Ironic
951727371496779777	Ironic
951541947184721920	Non-Ironic
951489731610656768	Ironic
951474512717021185	Ironic
951450329790349312	Ironic
951341604110974976	Non-Ironic
951317146658791424	Non-Ironic
951305173518946305	Ironic
951143639983579136	Ironic
951078790620262400	Ironic
951045761906638848	Ironic
951009118789165056	Non-Ironic
950991581732990976	Non-Ironic
950942801331740672	Ironic
950937107693895680	Non-Ironic
950834318414401537	Non-Ironic
950828941035491328	Ironic
950800029794451457	Ironic
950797180536807424	Ironic
950794317794131968	Ironic
950792685102575616	Non-Ironic
950785762387111936	Non-Ironic
950764405175721984	Ironic
950761431196098561	Ironic
950701201217040384	Ironic
950672269344309249	Ironic
950669562739077120	Ironic
950631920970252288	Ironic
950625854995886080	Non-Ironic
950601774582263809	Ironic
950509174017875968	Ironic
961641485950246914	Non-Ironic
961640702173175809	Ironic
961611562434756608	Ironic
961538015968546817	Ironic
961507656862224385	Non-Ironic
961506268991995906	Non-Ironic
961501671770804224	Non-Ironic
961485919089057792	Non-Ironic
961325118373990401	Non-Ironic
961312829931323392	Ironic
961216544033316864	Ironic
961179058670325761	Non-Ironic
961150018941046784	Non-Ironic
823931578015502337	Ironic
823888820227538945	Ironic
823791702020411392	Non-Ironic
823774059100065796	Ironic
823625017950871552	Ironic
823606378518507522	Non-Ironic
823585079393861633	Non-Ironic
823549640557690888	Ironic
823256597988339714	Non-Ironic
823221508780605440	Non-Ironic
823207304313077761	Non-Ironic
823119356041302018	Ironic
823043803200094208	Non-Ironic
823009685120790528	Ironic
822856070758625280	Ironic
822647059597631489	Non-Ironic
822500151918923776	Non-Ironic
822461862474235904	Non-Ironic
822401130533531648	Ironic
822151667231637505	Non-Ironic
830462878947930118	Non-Ironic
830439626640850946	Ironic
830377835219021826	Ironic
830221412346580992	Ironic
830077014338072576	Ironic
830055386149380096	Ironic
830006239337861120	Ironic
829941491036327938	Non-Ironic
829920743236341762	Ironic
829888922163490822	Ironic
829709347278163968	Non-Ironic
829400937580154887	Non-Ironic
829203912724996101	Ironic
829011041082294273	Ironic
828981615573553153	Non-Ironic
828909934259662848	Non-Ironic
847892991381340160	Ironic
847883612083048448	Ironic
847853149113073664	Non-Ironic
847801727269187589	Ironic
847780420297142272	Non-Ironic
847761999580852224	Non-Ironic
847754877346369536	Ironic
847540178725912576	Ironic
847443173852889089	Ironic
847180109228462085	Non-Ironic
847177135697641473	Ironic
847156270587109377	Non-Ironic
847127296251248640	Ironic
846774288657076228	Non-Ironic
846762470165360645	Ironic
846640864210419714	Ironic
846553366603948032	Non-Ironic
846438563218706432	Ironic
846437981745532928	Ironic
846425524125642752	Ironic
846262915736981504	Ironic
846256872432664576	Ironic
846048854814306304	Ironic
832703900700467200	Ironic
832699633079967744	Ironic
832601474202996736	Non-Ironic
832596698656546817	Ironic
832568530935697410	Ironic
832519810311348224	Ironic
832467086341332992	Ironic
832434193619701760	Non-Ironic
832324432693755905	Ironic
832322311713849344	Ironic
832300638264397824	Ironic
832292523586498561	Ironic
832282935118221312	Non-Ironic
832275832596934656	Ironic
832247904865775616	Ironic
832195825497317377	Ironic
832191907577077760	Ironic
832141224433721345	Ironic
832125510599733248	Ironic
832106740925734912	Ironic
831937001205096452	Ironic
831919230941491200	Ironic
831880812161282049	Non-Ironic
831847417259687936	Non-Ironic
831783093166022656	Ironic
831709418995605504	Non-Ironic
831526568350461956	Non-Ironic
831509721815199744	Ironic
831490017000296449	Ironic
831486289048457216	Ironic
831469797678383104	Ironic
831393783266676737	Ironic
831203810777272320	Ironic
831193470492622849	Non-Ironic
831140714209685505	Non-Ironic
831113171628875776	Ironic
831040538723885058	Ironic
831037535027539968	Ironic
830701068178825218	Non-Ironic
830676726506156033	Non-Ironic
869519799008866305	Ironic
869145748499288064	Ironic
869097866207219713	Non-Ironic
869064520253263876	Non-Ironic
868786360693514241	Ironic
868698343894953986	Non-Ironic
868472197245005824	Non-Ironic
868304986341617666	Non-Ironic
868203369869049857	Ironic
868146083029028867	Ironic
868097253319299072	Non-Ironic
868022789508345856	Non-Ironic
867968286163476481	Ironic
867796682339000321	Ironic
867766994417975296	Ironic
867763803529789441	Ironic
867699809821446144	Ironic
867692848958902277	Ironic
867659698153152512	Ironic
867644152401592320	Ironic
867642558792454144	Ironic
867632232244051969	Ironic
826112742301986816	Non-Ironic
826110570298437632	Ironic
826017583212199936	Ironic
825981427300843520	Ironic
825776892473126913	Non-Ironic
825753026484793344	Ironic
825751902293856257	Ironic
825608840129437696	Ironic
825552791204667392	Ironic
825547511444168704	Ironic
825544195930734592	Ironic
825405148918722560	Non-Ironic
825382847125008384	Non-Ironic
825318354592333824	Non-Ironic
825237122294620160	Ironic
825079961107255297	Ironic
825064492878950406	Ironic
824971052384186369	Non-Ironic
824943638400471041	Ironic
824904631612379136	Ironic
824791809071067136	Ironic
824714036344299520	Non-Ironic
824611462031175682	Ironic
824597726151274497	Ironic
824576641661820929	Non-Ironic
824572474457280512	Ironic
824437018994343946	Non-Ironic
824337968760451072	Ironic
824308473693425665	Ironic
824231138101198851	Ironic
819619532176125952	Non-Ironic
819607686576648193	Ironic
819594466201726977	Non-Ironic
819578416739454976	Ironic
819498280065241089	Non-Ironic
819447854985072640	Non-Ironic
819067396870860801	Non-Ironic
818931262912135170	Non-Ironic
818918738959486976	Non-Ironic
818862349536923649	Non-Ironic
818831557846712321	Ironic
818746298748833792	Non-Ironic
818699560813899776	Non-Ironic
818502004490338304	Ironic
818441771332075520	Ironic
818414484066734080	Non-Ironic
818402083405791232	Non-Ironic
818309164187451392	Non-Ironic
818138565985103872	Non-Ironic
818008747373166592	Ironic
817974726727532545	Ironic
817953579755401216	Non-Ironic
817806498231439360	Ironic
817786585810776064	Ironic
817781800105693184	Ironic
926148232505200640	Non-Ironic
926070088071090177	Ironic
925934928688304128	Non-Ironic
925775528291962885	Non-Ironic
925685599364722688	Ironic
925590651995074560	Ironic
925428171096256512	Non-Ironic
925393556335763456	Ironic
925369016306114560	Non-Ironic
925355346411114496	Ironic
925345274586808321	Non-Ironic
925338917183860737	Non-Ironic
925318574536769540	Non-Ironic
925287520274759680	Non-Ironic
925260847101947904	Non-Ironic
925260419249393665	Non-Ironic
925259291170291712	Ironic
925245011976904704	Non-Ironic
925083804900917249	Non-Ironic
924702534215794688	Non-Ironic
924681188026998789	Non-Ironic
924633804999860224	Non-Ironic
924402761059487744	Non-Ironic
924353606505164802	Non-Ironic
924332158277189633	Non-Ironic
924326466426249216	Non-Ironic
924300909064069120	Non-Ironic
924275749434957825	Ironic
924231681980035074	Non-Ironic
924210262206431238	Non-Ironic
924136766302326784	Ironic
924120764420255744	Ironic
910926870413062144	Non-Ironic
961656575717916672	Non-Ironic
829356358138990595	Non-Ironic
846716917461237760	Non-Ironic
846213303240212481	Ironic
845942405228482560	Non-Ironic
825547511444168704	Non-Ironic
824718602913804288	Non-Ironic
924976867941031937	Non-Ironic
924326544020946944	Non-Ironic
866733087153106944	Non-Ironic
926884586516369409	Non-Ironic
956287789397557249	Ironic
906427659558645760	Non-Ironic
852176925401399296	Non-Ironic
958720581536493568	Non-Ironic
957930893200510977	Non-Ironic
871432684924313600	Non-Ironic
870808407867092992	Non-Ironic
952933292835201025	Non-Ironic
917021748985581568	Non-Ironic
916593022518804481	Non-Ironic
873528385950986241	Ironic
896411988791881728	Non-Ironic
932226710128410624	Non-Ironic
932086938462539777	Non-Ironic
930951811128791041	Non-Ironic
930700184459317248	Non-Ironic
854401045522468864	Non-Ironic
854175658192158720	Non-Ironic
959765692353470465	Non-Ironic
959076501336612864	Non-Ironic
911866948094353408	Non-Ironic
838424599616499712	Non-Ironic
838339348550438912	Non-Ironic
838289218833006595	Ironic
837872890871599104	Non-Ironic
837736677154107393	Non-Ironic
837670409302495232	Non-Ironic
837608443506749440	Non-Ironic
947919046342856707	Non-Ironic
947153579206311936	Non-Ironic
946848038491906048	Ironic
945835627051827200	Non-Ironic
842274344504053760	Non-Ironic
895646866792218624	Non-Ironic
855133713264500739	Non-Ironic
836249711988338689	Non-Ironic
857908626123632640	Non-Ironic
903626707734691847	Non-Ironic
882880632510005248	Non-Ironic
951834388429500416	Non-Ironic
951794192048533504	Non-Ironic
951552144972369925	Non-Ironic
951477611275870208	Non-Ironic
951389176892612609	Non-Ironic
950472327371862016	Non-Ironic
919994585723441152	Non-Ironic
908498624883040256	Ironic
906852029724745733	Non-Ironic
879711061976338432	Non-Ironic
879405441049968640	Non-Ironic
879260324087705600	Non-Ironic
840824516020453376	Non-Ironic
840824055846572033	Ironic
887010330055933952	Non-Ironic
886957484518375425	Non-Ironic
875762823971909632	Non-Ironic
875760511412994049	Non-Ironic
875599727022166018	Ironic
875393406289059840	Non-Ironic
943885351751335936	Non-Ironic
939697693751885824	Non-Ironic
938000533675274240	Non-Ironic
937357229111390208	Non-Ironic
941932128534536192	Non-Ironic
961663301137481728	Non-Ironic
961657218482524162	Non-Ironic
961655343683076096	Non-Ironic
961651004138770432	Non-Ironic
961640732057419776	Non-Ironic
961634289497591810	Non-Ironic
961629793560219649	Ironic
961558030616748032	Non-Ironic
961549069913964544	Non-Ironic
961495290154049536	Non-Ironic
961462697236815872	Non-Ironic
961446830771863553	Non-Ironic
961228961584791552	Ironic
961128396569923585	Non-Ironic
961066357952532480	Non-Ironic
824030399592624128	Ironic
824010921722793984	Non-Ironic
823942935255228416	Non-Ironic
823903698984255488	Non-Ironic
823865467358027778	Non-Ironic
823818549970038784	Non-Ironic
823816672477925377	Ironic
823785558203891712	Non-Ironic
823725637923901441	Non-Ironic
823611490158735363	Non-Ironic
823589138062422017	Non-Ironic
8.23562E+17	Non-Ironic
823553969012277248	Non-Ironic
823552736859979780	Non-Ironic
823466899623317504	Non-Ironic
823395527223980032	Non-Ironic
823318795926327296	Non-Ironic
823242921293922305	Non-Ironic
823195839388647426	Non-Ironic
823147973072797697	Non-Ironic
823101928532037632	Non-Ironic
823069620919828481	Non-Ironic
823068698630037504	Non-Ironic
822829559967924224	Ironic
822826270220238848	Non-Ironic
822810286038007808	Non-Ironic
822792887943524352	Non-Ironic
822771935478050816	Non-Ironic
822745244588326913	Non-Ironic
822737564700393472	Non-Ironic
822723210185732102	Non-Ironic
822707139613487104	Non-Ironic
822486209498746882	Non-Ironic
822481461198499840	Ironic
822473455564099584	Non-Ironic
822455087683420165	Non-Ironic
822450900262326276	Non-Ironic
822441591017263105	Non-Ironic
822425797109616642	Non-Ironic
822413559913152514	Non-Ironic
822367428676087808	Non-Ironic
822133925023772673	Non-Ironic
821924208766808070	Non-Ironic
821905664133988352	Non-Ironic
830282292509683712	Non-Ironic
830276907648196608	Non-Ironic
830133258268581889	Non-Ironic
830078573671231491	Non-Ironic
829993320474607617	Non-Ironic
829927695496601601	Non-Ironic
829919407933685760	Non-Ironic
829750979876704256	Ironic
829744927097704448	Non-Ironic
829575635416862720	Non-Ironic
829363308000079874	Non-Ironic
829348808664481792	Non-Ironic
829287370713358336	Non-Ironic
829235602394583042	Non-Ironic
829073100910260224	Non-Ironic
829037237702631424	Non-Ironic
829027475476713472	Non-Ironic
828979165764399104	Non-Ironic
828951029211213824	Non-Ironic
828854769976369152	Non-Ironic
828854457836437504	Non-Ironic
828785464542904320	Non-Ironic
828785426936762370	Non-Ironic
828576052968562689	Non-Ironic
828569612426080256	Non-Ironic
828539551933034496	Non-Ironic
828481752373030912	Non-Ironic
847876952509775872	Non-Ironic
847865608687542272	Non-Ironic
847860218574901248	Non-Ironic
847854453483073536	Non-Ironic
847836192985026560	Non-Ironic
847788222985805824	Non-Ironic
847754756122652672	Non-Ironic
847319877966733312	Non-Ironic
847132354556706817	Non-Ironic
847121676487868417	Non-Ironic
846784190297378817	Non-Ironic
846725465423450112	Ironic
8.4672E+17	Ironic
846637446653620224	Non-Ironic
846562688427700224	Non-Ironic
846372918485549056	Non-Ironic
846367110347591680	Non-Ironic
846329747458076672	Non-Ironic
846235541150601219	Non-Ironic
845997332990615552	Ironic
845990835984437250	Non-Ironic
845874328457662464	Non-Ironic
832624833464655872	Non-Ironic
832522756650590208	Non-Ironic
832345516327522304	Non-Ironic
832270538823307264	Non-Ironic
832267629968576513	Ironic
832228429101666304	Non-Ironic
832104405445046272	Non-Ironic
831909611502501888	Ironic
831901223850799109	Non-Ironic
831601269601161217	Non-Ironic
831599933216137218	Non-Ironic
831545272710881281	Non-Ironic
831504213930819586	Non-Ironic
831451659578568704	Non-Ironic
831451255176192001	Non-Ironic
831384490387836928	Non-Ironic
831228635474427909	Non-Ironic
831189695610642432	Non-Ironic
831162619377639425	Non-Ironic
831132482229657600	Non-Ironic
831116984884592642	Non-Ironic
831019960042401792	Non-Ironic
831016409819914240	Non-Ironic
830849673111937028	Non-Ironic
830847722412470273	Non-Ironic
830742390126346240	Non-Ironic
830609616941690880	Non-Ironic
869587359867830272	Non-Ironic
869529898922250240	Non-Ironic
869503563097022465	Non-Ironic
869475886076121092	Non-Ironic
869442408798441472	Non-Ironic
910918019303464960	Ironic
910848271576387584	Ironic
910817032878284800	Non-Ironic
910784828836012032	Non-Ironic
910766069316444160	Ironic
910574048740089856	Non-Ironic
910570761315786753	Ironic
910563484873699329	Ironic
910541941841866752	Ironic
910493294274256896	Non-Ironic
910448662949400577	Non-Ironic
910340263104655360	Ironic
910333327738990592	Ironic
910153244675948549	Ironic
910089893702807557	Non-Ironic
910026442058223616	Ironic
909670480373735424	Ironic
909654837511548928	Ironic
909641961497231360	Non-Ironic
909600186682433536	Non-Ironic
909478761996922881	Non-Ironic
909454212253278209	Ironic
909452379057143808	Non-Ironic
909449917738954753	Ironic
909449772637069313	Non-Ironic
909412676345798657	Non-Ironic
909324187722010624	Non-Ironic
909271372026671104	Non-Ironic
909259450468384768	Ironic
909007075887296512	Ironic
908984363919929344	Ironic
908966457458925573	Ironic
908963359302680577	Non-Ironic
867462179334660096	Non-Ironic
867450751974604800	Ironic
867401586154364928	Ironic
867383122639433728	Ironic
867379365079695360	Non-Ironic
867350394665566208	Non-Ironic
867316721832669184	Ironic
867238802263351297	Ironic
867076466185576449	Ironic
867054367173640192	Non-Ironic
867024535668891649	Non-Ironic
867017324901040128	Ironic
866690099500666880	Non-Ironic
866670022445285376	Non-Ironic
866582098110500865	Non-Ironic
866576340673335296	Non-Ironic
866546335700459520	Ironic
866410866119507969	Ironic
866304676232384513	Ironic
866274314110238724	Non-Ironic
866217434574974977	Non-Ironic
865932507484696576	Ironic
865927618054561792	Ironic
865806657384620033	Ironic
817413971741392896	Ironic
817287456538103808	Ironic
816942257089761280	Ironic
816921925708578816	Non-Ironic
816904884851240961	Ironic
815934957986062337	Non-Ironic
815506952528822273	Ironic
815421176633761796	Ironic
815420984823906304	Ironic
928330475159949312	Ironic
928330173971386368	Ironic
928324244055908353	Ironic
928320006718443520	Non-Ironic
928311569750007808	Non-Ironic
928266114064191490	Non-Ironic
928222063843688448	Non-Ironic
928215270845501440	Ironic
928212051368931328	Non-Ironic
928202183241289729	Ironic
928106511875833858	Ironic
927983684853964800	Ironic
927980371731300352	Ironic
927956266210639872	Non-Ironic
927955653900976128	Ironic
927940468293406720	Non-Ironic
927817815217782784	Non-Ironic
927770349260775424	Non-Ironic
927737446493716485	Non-Ironic
927620036277104640	Non-Ironic
927586885186105344	Ironic
927569849945133056	Ironic
927506163159068672	Non-Ironic
927407443289653248	Ironic
927371040740782081	Ironic
927198019795034112	Non-Ironic
927103862758031360	Non-Ironic
927057060046368770	Ironic
926888104434085888	Ironic
926859748250599424	Non-Ironic
926843661039439874	Non-Ironic
926819051589922817	Non-Ironic
926812901008031745	Non-Ironic
926732077654929408	Non-Ironic
926722130623963138	Non-Ironic
926670228494237697	Ironic
926520174173229056	Ironic
926509782852190208	Ironic
926495465582903296	Ironic
926469749998891009	Ironic
926418078346502146	Ironic
926328567901777920	Ironic
956494754069401601	Ironic
956414183976783872	Non-Ironic
956258506801385474	Non-Ironic
956144463042129920	Non-Ironic
956112154767183877	Ironic
956055485811232768	Ironic
956015287865872386	Ironic
955841932223160322	Non-Ironic
955833257001496576	Ironic
955818695015542784	Non-Ironic
955796249134821376	Ironic
955761957121900550	Non-Ironic
955716439125602304	Ironic
955663767156744192	Ironic
955506867962241025	Ironic
955482881001971712	Non-Ironic
955460316212682752	Non-Ironic
955405163094683648	Non-Ironic
955328765013368832	Ironic
955164172760862721	Ironic
955099477752274944	Ironic
955048052020015105	Non-Ironic
955043819464007681	Ironic
955017376952659970	Non-Ironic
954987511985524736	Non-Ironic
954929630133153792	Non-Ironic
954794764750135297	Non-Ironic
954674779822403584	Ironic
954647377628950528	Ironic
954643798272884736	Non-Ironic
954626437109055488	Non-Ironic
954588693926432769	Non-Ironic
850008749490270208	Ironic
849741271950282757	Non-Ironic
849664435639726080	Non-Ironic
849622174533128193	Ironic
849605636715302913	Ironic
849465577328521216	Non-Ironic
849364799876190209	Ironic
849290987700662274	Ironic
849256900009103360	Non-Ironic
849227585540116481	Non-Ironic
849199287355494402	Non-Ironic
848864367873593344	Ironic
848804107603267585	Non-Ironic
848777946366001152	Ironic
848611219409838080	Non-Ironic
848604436578611205	Non-Ironic
848515723882135552	Ironic
848472636329996288	Ironic
848216985133600768	Ironic
848177707150004224	Non-Ironic
906466823721254913	Ironic
906384361167011842	Non-Ironic
906217302697295873	Non-Ironic
906186235764326400	Non-Ironic
906114211314589696	Ironic
906098344912576512	Ironic
906076652391632897	Non-Ironic
906073216136957952	Non-Ironic
906004403437527043	Ironic
905962369460736001	Ironic
905882120652038144	Ironic
905686337969324032	Non-Ironic
905435739386634240	Non-Ironic
905420702941106176	Non-Ironic
905417853255294977	Non-Ironic
905288119586623488	Non-Ironic
905243395743932416	Ironic
905118974005960704	Ironic
905086562181890048	Ironic
904944792999673856	Non-Ironic
904750517405941760	Non-Ironic
904747871282585601	Ironic
904675928004935680	Non-Ironic
869208281578909696	Non-Ironic
868897194077597700	Non-Ironic
868776440698781696	Non-Ironic
868491866550943744	Non-Ironic
868455542993420290	Non-Ironic
868307100429987841	Ironic
867842778180444161	Non-Ironic
867727412888555521	Non-Ironic
867673011511578624	Non-Ironic
867672569054285824	Non-Ironic
867582993010802690	Non-Ironic
826093990801977344	Non-Ironic
825783152174100481	Non-Ironic
825731445742112770	Non-Ironic
825729389769981952	Non-Ironic
825436861657014273	Non-Ironic
825403371100131328	Non-Ironic
825391363185319936	Non-Ironic
825387152661946369	Non-Ironic
825334843886166017	Ironic
825321866302803968	Non-Ironic
825314899911925760	Non-Ironic
825311078993248256	Ironic
825309560177037314	Non-Ironic
825292096408018944	Non-Ironic
825287285251928064	Ironic
825274690243526657	Non-Ironic
825222212047089664	Non-Ironic
825060224943943680	Non-Ironic
825053706307506176	Non-Ironic
825038393331552256	Non-Ironic
825004839692226562	Non-Ironic
824725694659829760	Non-Ironic
824587691526422528	Non-Ironic
824586197779435520	Non-Ironic
824386140799016960	Non-Ironic
824308504869670912	Non-Ironic
824220035904405504	Non-Ironic
819600088796450821	Non-Ironic
819592363110580225	Non-Ironic
819591648451633153	Non-Ironic
819502703239983105	Non-Ironic
819242278401277956	Non-Ironic
819206528850952192	Non-Ironic
818837785083686912	Non-Ironic
818811151127552001	Non-Ironic
818771035440824320	Non-Ironic
818743638523985921	Non-Ironic
818716430606667776	Non-Ironic
818144315256016897	Non-Ironic
818127576388419584	Non-Ironic
818073704647294977	Non-Ironic
817809723735080965	Non-Ironic
817758959171944448	Non-Ironic
817724982956621828	Non-Ironic
817608375320113153	Non-Ironic
926124908492439552	Non-Ironic
926075620571758594	Non-Ironic
925991716351438848	Non-Ironic
925716442116263937	Non-Ironic
925696355879747585	Non-Ironic
925607204442595328	Non-Ironic
925606823931011073	Non-Ironic
925585577348616192	Non-Ironic
925510781227098112	Ironic
925411928708497409	Non-Ironic
925372309229117441	Non-Ironic
925285519050678272	Non-Ironic
924984252545974273	Non-Ironic
924890098231140352	Non-Ironic
924703336418480129	Non-Ironic
924606619131842560	Non-Ironic
924177429014265856	Non-Ironic
924160049764798465	Non-Ironic
910872118157615105	Non-Ironic
910826001084465152	Non-Ironic
910716618589618176	Non-Ironic
910594224046743552	Non-Ironic
910511964866060288	Non-Ironic
910472241833562113	Non-Ironic
910456049752186880	Non-Ironic
910414775951163392	Non-Ironic
910395924794376192	Ironic
910388958529413120	Ironic
910219433380999168	Ironic
910164126525046789	Non-Ironic
910003263373582336	Non-Ironic
909845262180294656	Non-Ironic
909837770322976769	Non-Ironic
909753297250258944	Non-Ironic
909703948902133760	Non-Ironic
909684453277970432	Non-Ironic
909561397943685120	Non-Ironic
9.09539E+17	Non-Ironic
851046252217155585	Ironic
850420452811984896	Ironic
958796559004581888	Ironic
958756306634100738	Ironic
958713143068250112	Ironic
958569656176070656	Non-Ironic
958481198006833152	Ironic
958420057385852929	Non-Ironic
958347657570848769	Non-Ironic
958317674890588161	Ironic
958287984222076930	Non-Ironic
958190693335404544	Ironic
958155817076707328	Ironic
958077457759813632	Non-Ironic
957999382065963008	Ironic
957971886264139777	Non-Ironic
957920243283873792	Non-Ironic
957582984537833472	Non-Ironic
957474370779201536	Non-Ironic
957424260229853185	Non-Ironic
957318586917273600	Non-Ironic
957273958901989377	Non-Ironic
9.57273E+17	Ironic
957255150023819264	Ironic
957204809659985921	Non-Ironic
957150505167474688	Non-Ironic
957149767489945601	Non-Ironic
957139859927457792	Non-Ironic
957124099657973760	Non-Ironic
956986018321739776	Non-Ironic
956976894796292096	Non-Ironic
956973710111490049	Ironic
956918015014068225	Ironic
956889041374388225	Ironic
956881153335615488	Ironic
956838557586407424	Non-Ironic
956799016175570945	Non-Ironic
956783256749264896	Non-Ironic
956764141741522944	Non-Ironic
924004389932564481	Non-Ironic
923986685247086599	Non-Ironic
923958398076334082	Non-Ironic
923833727532363777	Non-Ironic
923832584915836928	Non-Ironic
923832103850119168	Non-Ironic
923612141168427008	Non-Ironic
923604684513964033	Ironic
923470681651675136	Non-Ironic
923465200275136513	Non-Ironic
923453717365567488	Non-Ironic
923412707080069120	Ironic
923278195599667200	Ironic
923256514017558528	Non-Ironic
923249427413860352	Ironic
923247644981452800	Non-Ironic
923247195888893952	Ironic
923245615240409088	Ironic
923238332590473216	Ironic
923230528123191296	Non-Ironic
923027873522335744	Non-Ironic
922892496123912193	Non-Ironic
922885027699892224	Ironic
922845626639020034	Non-Ironic
922761306125594624	Non-Ironic
922760612828106752	Non-Ironic
922755226058346496	Non-Ironic
922527673527648256	Non-Ironic
922489492715454464	Ironic
922488846708822017	Ironic
922361580439736320	Non-Ironic
922322846394695681	Non-Ironic
922315783518031874	Non-Ironic
922241363177074688	Non-Ironic
922185961974374401	Non-Ironic
922105601928306693	Non-Ironic
922092443838726145	Non-Ironic
922042441661927425	Non-Ironic
921973675825405952	Ironic
921963318826422272	Non-Ironic
845707466306310144	Non-Ironic
845595503542915072	Ironic
845546660411457536	Non-Ironic
845428961446289409	Ironic
845418508871782401	Non-Ironic
845362155654340608	Non-Ironic
845298176999510019	Ironic
845295998146662400	Non-Ironic
845221001046700033	Ironic
845182561357783040	Non-Ironic
845088904432648193	Non-Ironic
845086427733995521	Non-Ironic
844996228660281344	Non-Ironic
844869397525118978	Non-Ironic
844853969826410496	Non-Ironic
844798711091769344	Non-Ironic
844709476598992897	Non-Ironic
844596167245737984	Ironic
844595473050550272	Non-Ironic
844549628120969216	Non-Ironic
844414284050370561	Ironic
844400020761821185	Ironic
844287196597121025	Non-Ironic
844272796960264193	Non-Ironic
844239219094577152	Non-Ironic
844195277879873537	Ironic
844183476396003330	Ironic
844150432452829184	Non-Ironic
844128411606011904	Non-Ironic
844078222685814784	Non-Ironic
844063509218562048	Non-Ironic
844057324239036416	Ironic
844037011019382784	Ironic
843907772714565633	Non-Ironic
843877356913807360	Non-Ironic
843834328815747072	Non-Ironic
843824617211019264	Non-Ironic
843780699085717506	Non-Ironic
843712278222594048	Ironic
871858532664176640	Ironic
871750604623941633	Non-Ironic
871732805918654464	Ironic
871710070152626177	Non-Ironic
871682709646692353	Non-Ironic
871645661095010304	Non-Ironic
871620305445416961	Ironic
871608968140869632	Non-Ironic
871420019908812800	Non-Ironic
871404492507422720	Ironic
871356235626405888	Ironic
871327231745732613	Non-Ironic
871307733106130947	Ironic
871303284912525313	Non-Ironic
871079525530181632	Non-Ironic
871061362751016960	Ironic
870968547060703232	Non-Ironic
870723321775738880	Ironic
870696259811549184	Non-Ironic
870678080565661698	Ironic
870650278898302976	Non-Ironic
870609958827687937	Ironic
870604472824717312	Non-Ironic
870596733197316098	Ironic
870525837702864896	Non-Ironic
870522044823109633	Ironic
870490769370501120	Non-Ironic
8.70303E+17	Ironic
870294360742662145	Ironic
870196341053374464	Non-Ironic
870114101434998784	Ironic
869998693662851072	Non-Ironic
869958490428772354	Ironic
869939443431428096	Non-Ironic
869914241893052416	Non-Ironic
869873846622363648	Ironic
954424037035438080	Ironic
954423105316831232	Ironic
954368073699676162	Ironic
954340006990176257	Non-Ironic
954332688374099968	Non-Ironic
954297465003364352	Non-Ironic
954253975167033344	Non-Ironic
953894368905068544	Ironic
953682685188128769	Ironic
953662631394426880	Ironic
953537139249049600	Ironic
953534238531309568	Ironic
953533216203288576	Ironic
953530085398626304	Non-Ironic
953528943067328513	Non-Ironic
953521488581222400	Non-Ironic
953513016502362112	Ironic
953471241180073984	Non-Ironic
953320720381210624	Non-Ironic
953227509834723329	Non-Ironic
953187035065434115	Ironic
953174460969795585	Ironic
953169216802312192	Non-Ironic
953129289733386240	Ironic
953051768241340416	Ironic
952989340686155776	Non-Ironic
952968771777564677	Ironic
952965889338441728	Non-Ironic
952946926600802304	Ironic
887638619615371265	Non-Ironic
887638458063347715	Non-Ironic
887617023496290304	Non-Ironic
887559854625349633	Non-Ironic
887535874833043457	Non-Ironic
887534231550922753	Non-Ironic
887453160972972032	Non-Ironic
887385780523589634	Non-Ironic
887352995947708416	Non-Ironic
887344211502157824	Non-Ironic
887335922982899713	Non-Ironic
887330172080357379	Non-Ironic
887312911659446273	Non-Ironic
887300373089665029	Non-Ironic
887293812434911232	Non-Ironic
887249356155387904	Non-Ironic
887246770199085058	Non-Ironic
887223184491151360	Non-Ironic
887219361706106884	Non-Ironic
887202013318139904	Non-Ironic
887172625134264321	Non-Ironic
893487776796090371	Non-Ironic
893434070444670976	Non-Ironic
893405925150789633	Non-Ironic
893366163283087360	Non-Ironic
893318085330993153	Non-Ironic
893305698322337792	Non-Ironic
893249293158690817	Non-Ironic
893215747794751489	Non-Ironic
893183759809482752	Non-Ironic
893165265797730304	Non-Ironic
893122662179799040	Non-Ironic
893116042360139777	Non-Ironic
893112112775561216	Non-Ironic
893095182874234883	Non-Ironic
893086796451635201	Non-Ironic
893074200587522053	Non-Ironic
893062259441889280	Non-Ironic
893017665760935937	Non-Ironic
893012506205188096	Ironic
892807564173295616	Non-Ironic
892785260819304448	Non-Ironic
892770648459800577	Non-Ironic
892720857805729792	Non-Ironic
892689935408533506	Non-Ironic
892641772295159808	Non-Ironic
892621452092071936	Non-Ironic
892469106112442368	Non-Ironic
892448612210401280	Non-Ironic
892433685567479809	Non-Ironic
892413808358174721	Non-Ironic
892392441147531266	Non-Ironic
892388869475192833	Non-Ironic
892388688818311168	Ironic
892324364313645057	Non-Ironic
892294568258830336	Non-Ironic
892277035975966720	Non-Ironic
892261455092961281	Non-Ironic
892249499644637185	Non-Ironic
892094248929173505	Non-Ironic
892078812623650816	Non-Ironic
892019793972387840	Non-Ironic
891988485787308032	Non-Ironic
891942219799826432	Non-Ironic
891925251982069760	Non-Ironic
891898763697987584	Non-Ironic
891881067145117697	Non-Ironic
891842069978902529	Non-Ironic
891724322364162048	Non-Ironic
891617092188819457	Non-Ironic
891581381402390530	Non-Ironic
891517639499157504	Non-Ironic
828383781140779008	Non-Ironic
828356518806437889	Non-Ironic
828338343838638080	Non-Ironic
828310973043834884	Non-Ironic
828282161346211840	Non-Ironic
828264794943680517	Non-Ironic
828232988471197696	Non-Ironic
828215025198362624	Non-Ironic
827977534612516864	Non-Ironic
827969000508358657	Non-Ironic
827880613927583745	Non-Ironic
827833521842638849	Non-Ironic
827829270907125761	Non-Ironic
827803813201338372	Non-Ironic
827783647587610624	Non-Ironic
827780274519949312	Non-Ironic
827768579005235202	Non-Ironic
827767408932818944	Non-Ironic
827759665962504192	Non-Ironic
827753833061232640	Non-Ironic
827751666879430656	Non-Ironic
827568153794260993	Non-Ironic
827566123512115201	Non-Ironic
830049476526088192	Non-Ironic
925792733544955904	Non-Ironic
924614087685767169	Non-Ironic
817279032739983360	Non-Ironic
927766938926817280	Non-Ironic
848575537337348096	Non-Ironic
848130071227494400	Non-Ironic
848114798512422912	Non-Ironic
905458243425656833	Non-Ironic
888382551647191040	Non-Ironic
827063778701406208	Non-Ironic
851007640226467844	Non-Ironic
957566706259341312	Non-Ironic
869990984821690368	Non-Ironic
915585481944866816	Non-Ironic
897159818854645760	Non-Ironic
839150735530958848	Non-Ironic
837660508555735040	Non-Ironic
837559869783814144	Non-Ironic
881549383577120770	Non-Ironic
841718433582465024	Non-Ironic
894049782838185984	Non-Ironic
856505068010446848	Non-Ironic
900328750423973888	Ironic
836511772790165505	Ironic
858155586663403521	Non-Ironic
952245250541551616	Non-Ironic
951370672973914112	Non-Ironic
951295719909990400	Non-Ironic
950911065679855616	Non-Ironic
920342627676860416	Non-Ironic
886781266548469760	Non-Ironic
875657212160495617	Non-Ironic
861255998283145217	Non-Ironic
942732809340252160	Non-Ironic
934458248370909184	Non-Ironic
879919053862707201	Non-Ironic
879842631613689856	Non-Ironic
879811613288804352	Non-Ironic
879783090037682177	Ironic
879771484297715712	Non-Ironic
879753588557307904	Non-Ironic
879740179610816512	Non-Ironic
879674193650102272	Non-Ironic
879541177409613824	Ironic
879352911171538944	Non-Ironic
879345474129481728	Ironic
879337295337226240	Ironic
879085021398618114	Ironic
879023415000264704	Ironic
879004799093678081	Non-Ironic
878973528741117952	Non-Ironic
878929911439794176	Non-Ironic
878883184934494208	Non-Ironic
878834900295495680	Non-Ironic
878716685653618690	Non-Ironic
878655697726185472	Ironic
878536349610950656	Non-Ironic
878526615709528064	Ironic
878514988943593472	Ironic
841398530732359680	Ironic
841343298019155968	Ironic
841329055232331777	Non-Ironic
841297680726921218	Non-Ironic
841239706390093824	Ironic
840993615358828544	Non-Ironic
830730643352985600	Ironic
818676058614439936	Non-Ironic
928166534597324800	Non-Ironic
906205246199922689	Non-Ironic
901499550195691520	Non-Ironic
900810225686630400	Non-Ironic
950602251923419136	Ironic
861498413975834628	Non-Ironic
839845736753721345	Non-Ironic
839826083134468097	Ironic
839810771001479168	Non-Ironic
839761199722037248	Non-Ironic
839741094774521859	Non-Ironic
839466382911655939	Non-Ironic
839436916340600832	Non-Ironic
839405803228516352	Ironic
839339985417322497	Non-Ironic
839338364398526465	Ironic
887033676634013696	Non-Ironic
886948743819415556	Non-Ironic
886904462543134721	Ironic
886879136890970112	Non-Ironic
886876110524260352	Non-Ironic
886837833335549952	Ironic
886790996306128896	Non-Ironic
886643527589003264	Ironic
886599471282499584	Ironic
8.86594E+17	Ironic
886556267317264386	Ironic
886541860390313984	Ironic
886537586700804096	Ironic
886505897723285507	Ironic
886505417605382144	Ironic
886499032498978817	Non-Ironic
886495526992007168	Non-Ironic
886467062016737280	Non-Ironic
886446976052584448	Ironic
886434702587867136	Ironic
961632594814275584	Non-Ironic
823227153273733120	Non-Ironic
819080480133971968	Non-Ironic
866625654367727618	Non-Ironic
956046494108405761	Non-Ironic
893486039133700096	Non-Ironic
893459822149906432	Non-Ironic
892665523523117056	Non-Ironic
892388869475192833	Non-Ironic
923071593256927234	Ironic
922527808504713221	Non-Ironic
922489661448056832	Non-Ironic
954013047001047042	Non-Ironic
915901096027181056	Non-Ironic
915637931049488385	Non-Ironic
872388694828765188	Ironic
854315728455041024	Non-Ironic
819986198752088064	Non-Ironic
899853144108130305	Non-Ironic
930423964710473729	Non-Ironic
947894468266549248	Non-Ironic
946419768017301504	Non-Ironic
842439979724750848	Non-Ironic
919635949176332288	Non-Ironic
856590317839056896	Non-Ironic
856560057332506626	Non-Ironic
855704590372810752	Non-Ironic
901112339067535365	Non-Ironic
877226172093841408	Non-Ironic
876397282677080064	Ironic
903168883695263744	Ironic
883023442102145026	Non-Ironic
919863915135111169	Non-Ironic
919834772813242371	Non-Ironic
908376709992374272	Ironic
908310954089127936	Ironic
908288266754940928	Ironic
880094254156046336	Ironic
879942284199866368	Ironic
885759220796329985	Non-Ironic
948921297035235328	Non-Ironic
948783348486348801	Ironic
948432589471277056	Non-Ironic
913824872043704320	Non-Ironic
875976148055867393	Ironic
875193656910774272	Non-Ironic
945285667466092544	Non-Ironic
944281614757937152	Non-Ironic
944265718589263877	Non-Ironic
944133248350867456	Non-Ironic
861256233201786880	Non-Ironic
939052576879677440	Ironic
943463787973054464	Non-Ironic
936325499176890368	Ironic
828992637331976192	Ironic
846214370048794625	Ironic
864533956372254720	Non-Ironic
894279165549178880	Non-Ironic
846610967056338946	Non-Ironic
845877824993071104	Non-Ironic
831134019400110082	Non-Ironic
867703252032208896	Non-Ironic
817662023119073281	Ironic
924199144301912064	Ironic
867014159162109952	Non-Ironic
816653481050185729	Non-Ironic
815800356722515969	Ironic
928113851458916352	Ironic
927479005191725056	Non-Ironic
927135514364276736	Non-Ironic
955864929046691840	Non-Ironic
954656907007897600	Non-Ironic
850015448297033728	Ironic
905147304583114752	Non-Ironic
905146322121981952	Non-Ironic
905022346804600832	Non-Ironic
905005866201448448	Non-Ironic
904741150476705792	Non-Ironic
887396768815742977	Non-Ironic
893168720343834624	Non-Ironic
892410686340571136	Ironic
828152329199288320	Non-Ironic
851310378298507264	Non-Ironic
850964450102390786	Non-Ironic
958264876060753920	Non-Ironic
957924728504705024	Non-Ironic
923499949345579008	Ironic
922300137048698880	Non-Ironic
921977333736726528	Non-Ironic
844154254613012480	Non-Ironic
954335794860314624	Non-Ironic
953187951713730560	Non-Ironic
952600455791587328	Ironic
859388010533617664	Non-Ironic
916027884405383168	Non-Ironic
873459126629683200	Non-Ironic
873233278345420800	Non-Ironic
873172630974504960	Non-Ironic
873170526662868993	Non-Ironic
897849894869782528	Non-Ironic
897138866192240640	Non-Ironic
896572286743986176	Non-Ironic
896024621970989056	Non-Ironic
895962040971403264	Non-Ironic
895880323694710784	Non-Ironic
932700593432465408	Non-Ironic
932663591634919425	Non-Ironic
931939387276853248	Ironic
931512604870164480	Non-Ironic
931042587678408705	Non-Ironic
930700184459317248	Non-Ironic
959704638550192128	Non-Ironic
958922842766061568	Non-Ironic
912342503021350912	Non-Ironic
821429693878571008	Non-Ironic
837401838676762624	Non-Ironic
947151364290785281	Non-Ironic
919561504826933248	Non-Ironic
918559998304595968	Non-Ironic
855656366987288576	Non-Ironic
855496266532372480	Non-Ironic
890820262199005188	Non-Ironic
890505534595407872	Non-Ironic
889389531304124420	Non-Ironic
836882793095385088	Non-Ironic
836780244698738689	Ironic
835946937006239744	Non-Ironic
857552008932241408	Non-Ironic
877779772960407552	Non-Ironic
876500977548972032	Non-Ironic
876493036997550080	Non-Ironic
903880882003468288	Non-Ironic
902966359381782528	Non-Ironic
884271086698848256	Non-Ironic
883673759076438016	Non-Ironic
951374225230610433	Ironic
951324341844590592	Non-Ironic
950630413571014656	Non-Ironic
950424708045987840	Non-Ironic
950410499803377664	Non-Ironic
950333541136580608	Non-Ironic
921705626845175809	Ironic
920994834457944065	Non-Ironic
908419591461851136	Non-Ironic
907293556259176448	Non-Ironic
879978817707585537	Non-Ironic
841344924633120768	Non-Ironic
840563230657392640	Ironic
886141666372894720	Non-Ironic
885909199191855104	Non-Ironic
948066439063207936	Non-Ironic
914443102538031104	Ironic
875737694000861184	Non-Ironic
874211886652416001	Non-Ironic
945359532896567297	Non-Ironic
861594733864378368	Non-Ironic
861395241244348416	Non-Ironic
943136276416360448	Non-Ironic
942238856572575744	Non-Ironic
942115355094171648	Non-Ironic
934504339242090496	Ironic
934023994092617728	Ironic
933589357688102912	Non-Ironic
932968119559110656	Non-Ironic
932882526485454848	Non-Ironic
936838393773793282	Ironic
936532061346828288	Non-Ironic
935494305862508544	Non-Ironic
886396927440539648	Non-Ironic
886246397980270592	Ironic
886131773515550720	Ironic
886127582831423489	Ironic
885949691745009664	Non-Ironic
885877595790880768	Non-Ironic
885876572154060800	Ironic
885869927223091202	Non-Ironic
885857973062455297	Non-Ironic
885851978731016192	Ironic
885849586488705024	Ironic
885835046011236352	Ironic
885814232117157888	Ironic
885755966196654082	Non-Ironic
885687978344894465	Ironic
885585203388973057	Non-Ironic
885556931716370432	Non-Ironic
885365330628853760	Non-Ironic
885233332564353024	Ironic
885229120505905152	Non-Ironic
950062027673710592	Non-Ironic
950054794605088768	Non-Ironic
950025149276831744	Non-Ironic
950017460958146560	Ironic
949999218961215488	Ironic
949957684115075074	Ironic
949953801968017409	Non-Ironic
949943905176371200	Ironic
949941386748485632	Non-Ironic
949891862831050752	Ironic
906584546921005056	Ironic
872676011728543744	Ironic
951329920256417792	Ironic
817338033766690816	Non-Ironic
960504664746639360	Non-Ironic
907384281885839360	Non-Ironic
840954436855840769	Ironic
948225632017588229	Ironic
948155421436542976	Non-Ironic
948135639794384896	Ironic
915319585913606144	Ironic
915288130814537728	Non-Ironic
915280134629765121	Ironic
915245765982851073	Non-Ironic
915169497513738241	Ironic
915128503133134848	Ironic
915125881378562048	Non-Ironic
915125723760754688	Non-Ironic
915021668308836352	Non-Ironic
914948568254881792	Ironic
914905566631256066	Non-Ironic
914872591042592770	Non-Ironic
914855609618460672	Non-Ironic
914845065616355330	Non-Ironic
914820657841627138	Non-Ironic
914820353435738113	Non-Ironic
914794542892703745	Non-Ironic
914679739440177152	Ironic
914606414508806144	Non-Ironic
914552617354747905	Non-Ironic
914534973172060160	Ironic
914479142455742464	Non-Ironic
914435804977537024	Ironic
914413176153808896	Non-Ironic
914379110469603328	Ironic
868895115041021954	Ironic
819684110486671360	Non-Ironic
817608375320113153	Non-Ironic
924703336418480129	Non-Ironic
955405163094683648	Non-Ironic
892327145300570115	Ironic
873906450820726784	Non-Ironic
897428696658784256	Non-Ironic
896583633049341953	Non-Ironic
895857249838485504	Non-Ironic
931960907231502336	Non-Ironic
931442967046324225	Non-Ironic
854301173339353089	Ironic
853575761965400064	Non-Ironic
911345710791979008	Ironic
882463202457473024	Non-Ironic
841526303010541568	Ironic
9.19485E+17	Non-Ironic
836219190495350784	Non-Ironic
904067453990297600	Non-Ironic
902932586611130369	Non-Ironic
950689162356649984	Ironic
950436409256550400	Non-Ironic
949483067789357056	Non-Ironic
948456237338836994	Non-Ironic
914323142398509056	Ironic
944999807545786368	Ironic
942461772383920128	Non-Ironic
933582994534813697	Non-Ironic
828310973043834884	Non-Ironic
828282161346211840	Non-Ironic
828264794943680517	Non-Ironic
828232988471197696	Non-Ironic
828215025198362624	Non-Ironic
827977534612516864	Non-Ironic
827969000508358657	Non-Ironic
827880613927583745	Non-Ironic
827833521842638849	Non-Ironic
827829270907125761	Non-Ironic
827803813201338372	Non-Ironic
827783647587610624	Non-Ironic
827780274519949312	Non-Ironic
827768579005235202	Non-Ironic
827767408932818944	Non-Ironic
827759665962504192	Non-Ironic
827753833061232640	Non-Ironic
827751666879430656	Non-Ironic
827568153794260993	Non-Ironic
827566123512115201	Non-Ironic
952946926600802304	Ironic
952930474887864320	Ironic
952810681463586816	Ironic
952639430078189573	Non-Ironic
952596072311939073	Non-Ironic
952581880800362498	Non-Ironic
952473310528380928	Ironic
952438857483472897	Ironic
952423460134727681	Non-Ironic
952378316220129281	Non-Ironic
865258561206710273	Non-Ironic
865172908393549825	Non-Ironic
865141660950376449	Non-Ironic
864939402195238912	Non-Ironic
864869514382462979	Ironic
864825136087785472	Non-Ironic
864820943113383936	Non-Ironic
864763091468275716	Non-Ironic
864753119208632321	Non-Ironic
864727388562669568	Ironic
864545880699023360	Non-Ironic
864342165161299970	Non-Ironic
864168752748875776	Non-Ironic
864165784041398272	Non-Ironic
864076371257159680	Non-Ironic
864017982342651904	Non-Ironic
863993801974599680	Ironic
863959617931550720	Non-Ironic
863692756941762561	Ironic
863645929106223106	Ironic
863643743475335169	Ironic
863637716151525376	Ironic
863621343031545857	Ironic
863347774825390080	Non-Ironic
860878911772790784	Ironic
860806098852425728	Non-Ironic
860784106040430592	Non-Ironic
860430596169842688	Ironic
860392920053985280	Ironic
860190716424749057	Ironic
860167819362582529	Ironic
860150594400649216	Ironic
860138941579751424	Non-Ironic
859820513098465280	Ironic
859800261363027968	Non-Ironic
859632104757485570	Non-Ironic
859616059262996480	Non-Ironic
859476776875171841	Non-Ironic
859380104828403712	Non-Ironic
859378554924093442	Non-Ironic
859278514184273920	Ironic
859079693412073473	Ironic
859000111468208128	Non-Ironic
858997275648983040	Ironic
858976521834430465	Non-Ironic
858956263597645824	Ironic
858923523489673217	Non-Ironic
917314839999143941	Non-Ironic
917291218731548672	Non-Ironic
917283539833548800	Non-Ironic
917263287611424768	Ironic
917053477712412672	Non-Ironic
916995413311479808	Non-Ironic
916983107177340928	Ironic
916981175171792896	Non-Ironic
916970416903618560	Ironic
916961574350229504	Non-Ironic
916915908190375936	Non-Ironic
916907264207765504	Non-Ironic
916893640299032578	Non-Ironic
916833492859793408	Non-Ironic
916663494296076290	Non-Ironic
916554535883235328	Ironic
916358995379552256	Non-Ironic
916312026263183360	Non-Ironic
916218705910091776	Non-Ironic
916191005615017984	Ironic
916002333120593920	Ironic
915966912437325824	Ironic
915914601409236992	Ironic
915875970204049408	Non-Ironic
915851550198607873	Ironic
915591965776871424	Ironic
915522120989286402	Ironic
915443788977336321	Non-Ironic
915423457780756480	Ironic
873927416346849280	Non-Ironic
873882258523934722	Ironic
873783976086863872	Non-Ironic
873782452019499009	Non-Ironic
873780175128870913	Ironic
873773957039759360	Non-Ironic
873765095536435200	Non-Ironic
873633535235682309	Ironic
873599401033388038	Ironic
873517175687888896	Non-Ironic
873366555739869184	Ironic
873238117943197696	Non-Ironic
873200501940203522	Ironic
873133220648431616	Non-Ironic
873110453353828353	Ironic
873054594271559680	Non-Ironic
872771881861906432	Non-Ironic
872761448463831040	Ironic
872747699329679361	Non-Ironic
872693866457030658	Non-Ironic
872661486488797188	Non-Ironic
872512727255613440	Non-Ironic
872486704501841924	Non-Ironic
872469200270376960	Non-Ironic
872382274339254274	Ironic
872320828943343617	Non-Ironic
872161569760849920	Non-Ironic
872144537287667712	Ironic
872126542746451971	Non-Ironic
872112570928431104	Ironic
872105503505207300	Non-Ironic
871971395709927424	Non-Ironic
871971010094018563	Non-Ironic
871929439277469696	Ironic
897887675386146816	Non-Ironic
897872100626579457	Non-Ironic
897859547821293568	Non-Ironic
897817293593468930	Non-Ironic
897770938996936705	Non-Ironic
897724621205770244	Non-Ironic
897583969310343168	Non-Ironic
897420612456468481	Non-Ironic
897358617741066240	Non-Ironic
897328442097623040	Non-Ironic
897190771148767232	Non-Ironic
897151043460505600	Non-Ironic
897136816209506304	Non-Ironic
897130764491304960	Non-Ironic
897106778999013381	Non-Ironic
897094807788568576	Non-Ironic
897086122702000130	Non-Ironic
896964670413651968	Non-Ironic
896963120610000896	Ironic
896941386372698112	Non-Ironic
896824246923661312	Non-Ironic
896785082329042944	Non-Ironic
896754053736046592	Non-Ironic
896753244642222080	Non-Ironic
896698150022516736	Non-Ironic
896682334656876544	Non-Ironic
896671208996880385	Ironic
896667876530114564	Non-Ironic
896608042837463040	Non-Ironic
896588478359654400	Ironic
909108576060416006	Non-Ironic
909029859921338369	Non-Ironic
908915754602508289	Non-Ironic
867467153577988096	Non-Ironic
867090236018376704	Non-Ironic
867049262772883456	Non-Ironic
866988287986094080	Non-Ironic
866775954412236802	Non-Ironic
866711865707163648	Non-Ironic
866704635930738694	Non-Ironic
866491223158046720	Non-Ironic
866355657024323585	Non-Ironic
866352697976410112	Non-Ironic
8.66351E+17	Non-Ironic
866339054488494080	Non-Ironic
866326471765372928	Non-Ironic
866255774070321152	Non-Ironic
866118004819480576	Non-Ironic
865919228502822916	Non-Ironic
865618272753819648	Non-Ironic
865584725074747392	Non-Ironic
865571814008791040	Non-Ironic
865538081469865984	Non-Ironic
865519305978400770	Non-Ironic
865482245330554881	Non-Ironic
865453369992687618	Non-Ironic
865430096126984192	Non-Ironic
865420244898111488	Non-Ironic
865405955026018307	Non-Ironic
817473128188084225	Non-Ironic
817439467044827136	Non-Ironic
817338033766690816	Non-Ironic
817334498056605696	Non-Ironic
817318928431140865	Non-Ironic
817318532623069184	Non-Ironic
817215296901709824	Non-Ironic
817065460256612352	Non-Ironic
817059624692183040	Non-Ironic
817046232220790784	Non-Ironic
817011689895772160	Non-Ironic
816984047683534848	Non-Ironic
816925628972797952	Non-Ironic
816696654137016320	Non-Ironic
816530122803056640	Non-Ironic
816496740492865536	Non-Ironic
816384891847839745	Non-Ironic
816370643746684928	Non-Ironic
816302132630618112	Non-Ironic
816258739095236608	Non-Ironic
815956426623479810	Non-Ironic
815823287838195712	Non-Ironic
815551960644362240	Non-Ironic
815483146648985601	Non-Ironic
815479956788498432	Non-Ironic
815477320869810176	Non-Ironic
815465474632794112	Non-Ironic
815457134888427520	Non-Ironic
815411828360626176	Non-Ironic
928376039188979714	Non-Ironic
928256953612210177	Non-Ironic
928251691983691776	Non-Ironic
928232140424097798	Non-Ironic
928175178441543680	Non-Ironic
928173133407948801	Non-Ironic
928173130450907137	Non-Ironic
928162865395195905	Non-Ironic
928147698473152512	Non-Ironic
927958630829236224	Non-Ironic
927947665840541696	Non-Ironic
927933320045850624	Non-Ironic
927926595867721729	Non-Ironic
927925763503820800	Non-Ironic
927900071684857857	Non-Ironic
927886836076179457	Non-Ironic
927873703769268227	Non-Ironic
927864552326234112	Non-Ironic
927860753440284675	Non-Ironic
927858620368412672	Non-Ironic
927846970038935552	Non-Ironic
927742828876312577	Non-Ironic
927737038220095488	Non-Ironic
927561228183994369	Non-Ironic
927518706590035969	Non-Ironic
927462743065559040	Non-Ironic
927432500376305664	Non-Ironic
927110697028272129	Non-Ironic
927087374181588992	Non-Ironic
927046479474171905	Non-Ironic
927011539248279552	Non-Ironic
927010248014962688	Non-Ironic
926879404034273280	Non-Ironic
926854321072873472	Non-Ironic
926847914088923137	Non-Ironic
926808326662340613	Non-Ironic
926735696810962944	Non-Ironic
926728746207514624	Non-Ironic
926670817756192768	Non-Ironic
926634567162781696	Non-Ironic
926469844685295617	Non-Ironic
926453025559887872	Non-Ironic
926414537036742656	Non-Ironic
926382108443938816	Non-Ironic
926352493256122374	Non-Ironic
956609640225124352	Non-Ironic
956600509972000770	Non-Ironic
956589689334583299	Non-Ironic
956573053407973377	Non-Ironic
956570376552693760	Non-Ironic
956553727149735937	Non-Ironic
956539831999520769	Non-Ironic
956535177664180224	Non-Ironic
956504374938873858	Non-Ironic
956494473743265792	Non-Ironic
956490198992543749	Non-Ironic
956468453983928321	Non-Ironic
956453656345432064	Non-Ironic
956429415205961728	Non-Ironic
956422979847688192	Non-Ironic
956408968829652997	Non-Ironic
956401561005117444	Non-Ironic
956401263259811840	Non-Ironic
956386583334215680	Non-Ironic
956380415945859072	Non-Ironic
956379541131485184	Non-Ironic
956375966259007488	Non-Ironic
956375180279975937	Non-Ironic
956234138012606464	Non-Ironic
956231322313412608	Non-Ironic
956230106053271552	Non-Ironic
956134809625088004	Non-Ironic
956132060120387586	Non-Ironic
956123037446918145	Non-Ironic
956122581312172032	Non-Ironic
956117408804229122	Non-Ironic
956111114877759488	Non-Ironic
956067062199279619	Non-Ironic
956064628953448448	Non-Ironic
956063317323329536	Non-Ironic
956043818670977025	Non-Ironic
956028389655240705	Non-Ironic
956016068295786496	Non-Ironic
956015518682673154	Non-Ironic
956010011054010371	Non-Ironic
956009532756553730	Non-Ironic
955871880098988032	Non-Ironic
955870105686048768	Non-Ironic
955867039243087873	Non-Ironic
955861791602499584	Non-Ironic
955830674069401602	Non-Ironic
955824464272408578	Non-Ironic
955803580295938048	Non-Ironic
955762109601624065	Non-Ironic
955760845522219008	Non-Ironic
955751649305280512	Non-Ironic
955699892206407680	Non-Ironic
955699535577169920	Non-Ironic
955683921001291776	Non-Ironic
955579220545167360	Non-Ironic
955542266348634112	Non-Ironic
955512383543304192	Non-Ironic
955512219378237440	Non-Ironic
955512015669248001	Non-Ironic
955431023612956672	Non-Ironic
955430610553602048	Non-Ironic
955401924232101888	Non-Ironic
955387109593858048	Non-Ironic
955384947086213120	Non-Ironic
955328653826469888	Non-Ironic
955326683589984256	Non-Ironic
955130769910853632	Non-Ironic
955122913740492800	Non-Ironic
955109413597122561	Non-Ironic
955029405050392576	Non-Ironic
955025743112753153	Non-Ironic
954894125412761600	Non-Ironic
954870721691377664	Non-Ironic
954843318546063361	Non-Ironic
954791935331348481	Non-Ironic
958952562614571008	Ironic
958940810078236672	Ironic
958936163762491392	Ironic
913172158854995969	Non-Ironic
913089527488684034	Non-Ironic
913068255819948032	Non-Ironic
913048768651526144	Non-Ironic
912945309902282752	Ironic
912914299089309696	Non-Ironic
912866896046784513	Non-Ironic
912713884074598400	Non-Ironic
912687533397610496	Non-Ironic
912661959689986050	Non-Ironic
912613248037515264	Non-Ironic
912589956157128704	Non-Ironic
912562338720505856	Non-Ironic
912526830200147969	Non-Ironic
912483614545158144	Non-Ironic
912419364099338242	Ironic
912340084594237440	Non-Ironic
912290833633648640	Non-Ironic
912248228476731392	Non-Ironic
912174606642954241	Ironic
912169352295743488	Non-Ironic
912145373170343936	Non-Ironic
912018011426496512	Non-Ironic
911996979256766465	Non-Ironic
911995986880299008	Non-Ironic
911850262754508800	Non-Ironic
911846855247564800	Non-Ironic
911834317759832066	Ironic
911832682107154432	Ironic
911819419831042048	Non-Ironic
911581709153468417	Ironic
911580830698373121	Non-Ironic
911554325385801728	Non-Ironic
911523159911809024	Non-Ironic
911522101084819456	Non-Ironic
911518745083940871	Non-Ironic
911497983836946432	Non-Ironic
911268387111571456	Ironic
911234632774848512	Non-Ironic
911162329924063232	Non-Ironic
911095936885047297	Ironic
911090493655728128	Ironic
911060693964660736	Non-Ironic
821799935762984960	Ironic
821770274802692097	Non-Ironic
821762728176009217	Ironic
821620554822283264	Ironic
821617396695912449	Ironic
821609913688489985	Non-Ironic
821609179873968128	Non-Ironic
821607376382001152	Non-Ironic
821581721351163904	Ironic
821272620058308608	Non-Ironic
821228105444577280	Non-Ironic
820933933953089536	Non-Ironic
820663258164105221	Non-Ironic
820650353053945856	Non-Ironic
820610956019531776	Non-Ironic
820592977869414405	Non-Ironic
820570688595566594	Non-Ironic
820473210248384512	Ironic
820449800101494784	Non-Ironic
820372964633878528	Ironic
820299894581624834	Ironic
820261903582842880	Non-Ironic
820238923980881921	Non-Ironic
820202821882695683	Ironic
820175818114482178	Ironic
820146383726538752	Non-Ironic
820121777523167233	Non-Ironic
819956224527650816	Non-Ironic
819947505060286466	Ironic
819870000945119232	Ironic
900036304406052864	Non-Ironic
899951664571887616	Non-Ironic
899938392380669954	Non-Ironic
899871594813636608	Ironic
899863800848932864	Non-Ironic
899856505750646784	Ironic
899697575707648006	Ironic
899622745893355520	Non-Ironic
899587469297033216	Non-Ironic
899573023023349761	Ironic
899531609862533120	Ironic
899517038267322368	Ironic
899469543831027712	Non-Ironic
899295740199030784	Non-Ironic
899251004675416068	Non-Ironic
899247734401581056	Non-Ironic
899180089589415936	Non-Ironic
899162761384476672	Non-Ironic
899115145640771584	Non-Ironic
898973872325668864	Ironic
898971782606082048	Non-Ironic
898966544306151424	Non-Ironic
898836321833066496	Non-Ironic
898821064360288257	Non-Ironic
898795214306893825	Non-Ironic
898624993990393856	Non-Ironic
898433682322501632	Non-Ironic
898282890215079936	Non-Ironic
898255119099191297	Non-Ironic
898242225938640896	Non-Ironic
898232547066466304	Non-Ironic
898227806341013505	Non-Ironic
898219588004986880	Non-Ironic
898089024900009984	Ironic
839158188326866944	Ironic
839156028608507905	Non-Ironic
839082218802802688	Non-Ironic
839045429648064512	Non-Ironic
838997926638661633	Non-Ironic
838853876417703937	Non-Ironic
838622633973297152	Non-Ironic
838421978130300928	Non-Ironic
838290400095809537	Non-Ironic
838080848851165184	Non-Ironic
838054118627266560	Non-Ironic
838049538124431360	Non-Ironic
838036400322666496	Ironic
838009793688240128	Ironic
837958425787117568	Non-Ironic
837906444397707264	Non-Ironic
837744742729396224	Ironic
837662625181929472	Non-Ironic
837660617406308355	Non-Ironic
837647597305278464	Non-Ironic
837242357489799168	Non-Ironic
837241896766337025	Non-Ironic
837229076423270400	Non-Ironic
837188101336350721	Non-Ironic
837185730392784896	Non-Ironic
837173617989296129	Ironic
837106914227990529	Ironic
930512944588144640	Non-Ironic
930498684722102272	Ironic
930481905119535104	Ironic
930308721347104769	Non-Ironic
930305740996333568	Non-Ironic
930262624981286912	Non-Ironic
930155623651651584	Non-Ironic
930120727285587968	Non-Ironic
930041856888623106	Non-Ironic
930014296238465024	Ironic
930000185194823681	Non-Ironic
929892314952163328	Non-Ironic
929760713949659136	Non-Ironic
929683024719032320	Ironic
929647605667246080	Non-Ironic
929623103478681600	Non-Ironic
929617061017395200	Ironic
929586119074660353	Non-Ironic
929552559773065216	Ironic
929464112735596544	Non-Ironic
929347735106420736	Ironic
929345842326200320	Non-Ironic
929245285586481152	Non-Ironic
929066044777533440	Non-Ironic
929054162578374657	Non-Ironic
929052757230784512	Non-Ironic
929042973312077825	Non-Ironic
929036676277473281	Ironic
928995735227346944	Ironic
928963830104842240	Non-Ironic
928940801479999488	Non-Ironic
928817390414061568	Ironic
928702092620980224	Ironic
928691404594855937	Non-Ironic
928682581217996800	Non-Ironic
928655220049170433	Non-Ironic
928633703676309504	Ironic
928610909815169026	Non-Ironic
928561250895740928	Non-Ironic
928502177810620416	Ironic
928468872683864064	Ironic
947883873249255425	Non-Ironic
947818818239315968	Non-Ironic
947780563087196160	Non-Ironic
947751057509289984	Non-Ironic
947550658361810944	Ironic
947522999074385921	Non-Ironic
947504547009662977	Non-Ironic
947346068529823744	Ironic
947179936015667200	Non-Ironic
947153144756056064	Non-Ironic
947135470860886017	Non-Ironic
947117678342307840	Non-Ironic
947047087425900544	Non-Ironic
947020717589020672	Ironic
947000504848072704	Ironic
946848038491906048	Non-Ironic
946803364007989254	Non-Ironic
946785485778591744	Ironic
946749198690422784	Non-Ironic
946724555069972482	Ironic
946678756663369728	Non-Ironic
946650198947676160	Non-Ironic
946452957658152960	Non-Ironic
946438523489361920	Ironic
946423128682520577	Non-Ironic
946422775765352448	Non-Ironic
946342441069707264	Non-Ironic
946341310318784512	Non-Ironic
946337754362843136	Non-Ironic
946230647659646977	Non-Ironic
946214536243167233	Non-Ironic
946070864319070208	Non-Ironic
946067318026788864	Non-Ironic
946048746822840320	Non-Ironic
946011598719557632	Non-Ironic
945992725614100483	Non-Ironic
945878143612608512	Non-Ironic
945829508988456961	Ironic
882673201561587712	Non-Ironic
882664356412108800	Ironic
882638525308354560	Ironic
882634998024634368	Ironic
882518551319330817	Ironic
882434590090043392	Ironic
882424552562737152	Non-Ironic
882299933755293697	Non-Ironic
882254117653143554	Non-Ironic
882175492643667968	Non-Ironic
882160200026906624	Non-Ironic
882147459006201856	Non-Ironic
882032329811775489	Non-Ironic
881821257670381568	Ironic
881807628179042305	Non-Ironic
881710482951987200	Non-Ironic
881710237484494849	Non-Ironic
	Non-Ironic
830859642599305217	Non-Ironic
873912437866602496	Non-Ironic
876492686873706496	Non-Ironic
922451499334041606	Non-Ironic
903151721421012992	Non-Ironic
902773812038684672	Ironic
902390628511657984	Non-Ironic
935155583493185537	Non-Ironic
935121024051326981	Non-Ironic
825613177765326850	Non-Ironic
930515104063295489	Non-Ironic
963664411725529088	Non-Ironic
961598046776696837	Ironic
961155166308270080	Non-Ironic
961147187618045952	Non-Ironic
926501304003846144	Non-Ironic
890656705201152001	Non-Ironic
890298244646948864	Non-Ironic
889921810527125504	Non-Ironic
943533299049250817	Non-Ironic
942315681873256448	Non-Ironic
875348986986504193	Non-Ironic
874917782449770496	Ironic
823911578017726464	Ironic
822867999954702336	Non-Ironic
822367506140569601	Non-Ironic
952253872268963840	Ironic
952167459565350912	Non-Ironic
931859658234458114	Non-Ironic
931155654860988416	Non-Ironic
899326942255562752	Non-Ironic
898514831048753152	Non-Ironic
916967345859342336	Non-Ironic
955868274922696704	Non-Ironic
955865506782654466	Non-Ironic
954659878399700992	Non-Ironic
887244719339601920	Non-Ironic
887181209062694912	Ironic
893173448477945856	Ironic
892822890160074752	Non-Ironic
892351352533209093	Non-Ironic
940189682855374849	Non-Ironic
856391701438636033	Non-Ironic
855045046776717312	Non-Ironic
854668311627415552	Non-Ironic
924901188687970305	Non-Ironic
838664884187463680	Non-Ironic
837906876918550528	Non-Ironic
957858362699337728	Non-Ironic
956921800469835776	Non-Ironic
895732626400595969	Non-Ironic
894172954480656384	Non-Ironic
939103143752736768	Non-Ironic
939051253845303296	Non-Ironic
869500665613209600	Non-Ironic
883561991507296258	Non-Ironic
882897563107549185	Non-Ironic
901347995462975488	Ironic
900620682144268288	Ironic
909437796405862401	Ironic
909425547704336384	Non-Ironic
9.0942E+17	Non-Ironic
909419101616877569	Non-Ironic
921733380739174400	Non-Ironic
921273735763464192	Ironic
921074484815073280	Ironic
864126657522573313	Non-Ironic
864028829668474880	Ironic
863836233704722433	Ironic
897886555334885376	Non-Ironic
897335897347072007	Non-Ironic
954423121599082496	Non-Ironic
853928592832688132	Non-Ironic
847708625392906241	Ironic
847520212513632257	Non-Ironic
847178299352776704	Ironic
847088153068421120	Non-Ironic
847080715938414592	Non-Ironic
847062890708439042	Ironic
913042922550960128	Ironic
912676171623440384	Non-Ironic
912299744986259458	Non-Ironic
912041428779376640	Non-Ironic
913639841279000583	Ironic
913428864835010561	Non-Ironic
842448223067377665	Non-Ironic
858781766525616131	Non-Ironic
856788352275668992	Ironic
882681260526751744	Ironic
882211993393823744	Ironic
881866502286172160	Non-Ironic
880637156749852672	Non-Ironic
871442072229695488	Non-Ironic
871441253669289984	Non-Ironic
870348134634840065	Non-Ironic
869849221880532992	Ironic
844546967028011009	Non-Ironic
844145664598691841	Non-Ironic
830521958617989123	Non-Ironic
817394000600645633	Non-Ironic
816723841259077633	Non-Ironic
862556853225619456	Non-Ironic
861468869680013312	Non-Ironic
826660144482250752	Non-Ironic
841293604278665217	Non-Ironic
850087644793122817	Non-Ironic
849781155687694336	Non-Ironic
849722234482679810	Ironic
849328916540125184	Non-Ironic
848188021207945216	Non-Ironic
848180812256350208	Ironic
966048439598485510	Ironic
966022897386090496	Non-Ironic
965929177076596736	Ironic
965893980302004224	Ironic
965873874494787584	Non-Ironic
965772669248421888	Non-Ironic
836975961727913985	Non-Ironic
836846734718418944	Ironic
836434474145464321	Ironic
836205464127950848	Ironic
836140131111305216	Ironic
836102647098793985	Ironic
836082615069343745	Ironic
835967995893714944	Non-Ironic
835349848736088064	Ironic
819162844197429248	Ironic
818870437849530369	Ironic
818698884193062912	Non-Ironic
818175547436101632	Non-Ironic
828172665399738368	Ironic
827601960870162432	Ironic
825940012088725504	Non-Ironic
825796999408558080	Non-Ironic
	Ironic
825249175746908160	Non-Ironic
824493149049479169	Ironic
867450992413077506	Ironic
866962595869323264	Ironic
866887991582613504	Non-Ironic
866376752490323968	Non-Ironic
865993327832911873	Ironic
865869528634449920	Non-Ironic
865867134127288321	Non-Ironic
831902091291553793	Non-Ironic
831862746178150400	Non-Ironic
823496536780865537	Ironic
822785186207268864	Non-Ironic
854037283720224769	Non-Ironic
854031404203728896	Non-Ironic
854003707956080641	Ironic
853586715101081601	Non-Ironic
853581269124268035	Ironic
853468177031847936	Ironic
853001794355703808	Ironic
852913980070809607	Non-Ironic
852396775562465280	Non-Ironic
841232766943580160	Non-Ironic
840860396789551104	Non-Ironic
838113498886459394	Non-Ironic
837286242505093122	Non-Ironic
845569558333145088	Non-Ironic
845205295290761216	Ironic
844893729848803329	Ironic
844607532127719424	Ironic
844142012634812416	Ironic
890977298609913856	Non-Ironic
890615503458230272	Non-Ironic
890288626843746304	Non-Ironic
889770296797876225	Non-Ironic
888997546777083906	Non-Ironic
	Non-Ironic
887979089822220288	Non-Ironic
847886984966270976	Non-Ironic
847492359898058752	Non-Ironic
847408768467861504	Non-Ironic
847063251041038336	Non-Ironic
846919353589104640	Ironic
846436682517938177	Non-Ironic
865269297073065985	Non-Ironic
865109281049387008	Non-Ironic
864891805921230848	Non-Ironic
864772341859057664	Non-Ironic
864330179002286080	Non-Ironic
863623285543587841	Non-Ironic
863430618297794564	Ironic
863415399236481025	Ironic
928308003069083648	Ironic
928147767637053442	Ironic
927907156229320707	Ironic
927373986312306688	Ironic
927075653425311744	Non-Ironic
893176467135266816	Non-Ironic
892983481294139393	Non-Ironic
891578276237500416	Non-Ironic
891540611727339520	Ironic
830414437756575744	Non-Ironic
830253702808219648	Non-Ironic
829780842046058496	Non-Ironic
829272961010003969	Non-Ironic
829245382165164032	Non-Ironic
828528924443471872	Non-Ironic
939062494500413440	Ironic
938127655660146688	Ironic
9.06174E+17	Non-Ironic
905493163477008384	Ironic
905488142085398528	Ironic
904717627762688005	Non-Ironic
873463945796788225	Non-Ironic
873463312838610944	Non-Ironic
873155116223741953	Non-Ironic
873064225492553728	Non-Ironic
872870446835912708	Ironic
872117121140043776	Non-Ironic
872023701859991553	Non-Ironic
852214283270225923	Ironic
852163609518059520	Non-Ironic
852126207227416576	Ironic
851348739788873728	Non-Ironic
850408099504562176	Non-Ironic
850314908474396672	Ironic
850305815206428672	Ironic
878209410434080769	Non-Ironic
877423369154682882	Non-Ironic
876766143972691968	Non-Ironic
876684129517019136	Non-Ironic
857974462884581377	Non-Ironic
857292769961926656	Non-Ironic
857278769278709760	Non-Ironic
857094079485792257	Non-Ironic
856897065367986176	Non-Ironic
862172708255047680	Non-Ironic
861314977012998145	Non-Ironic
860777883484262400	Non-Ironic
891661314719977473	Non-Ironic
872483689925496832	Non-Ironic
870582785517510656	Non-Ironic
951462280138391552	Non-Ironic
948648227011690496	Non-Ironic
948071495305187328	Non-Ironic
879571506598215681	Non-Ironic
875620538214825989	Non-Ironic
847719604189188096	Non-Ironic
847511236631592960	Non-Ironic
847376105065529344	Non-Ironic
886939539280769024	Non-Ironic
899490672381644800	Non-Ironic
897432037874843648	Non-Ironic
942810628862902273	Non-Ironic
939547100802682880	Non-Ironic
939391326088339456	Non-Ironic
938994127047241728	Non-Ironic
938578967937740805	Non-Ironic
916572722322300933	Non-Ironic
915439980859744256	Non-Ironic
915069610264629250	Non-Ironic
914149144117133312	Non-Ironic
935127547242733568	Non-Ironic
933408491380887552	Non-Ironic
931471600322428928	Non-Ironic
922836630670417926	Non-Ironic
922442415637782528	Non-Ironic
921017174549938176	Non-Ironic
920831105023877121	Non-Ironic
919564502420439040	Non-Ironic
842199231280603137	Non-Ironic
842102658756444172	Non-Ironic
842086384211005442	Non-Ironic
840415713160445952	Non-Ironic
839295137486372864	Non-Ironic
835173552303312896	Non-Ironic
835069448734244864	Non-Ironic
833892057047523331	Non-Ironic
833695626273624064	Non-Ironic
832740243619069953	Non-Ironic
829041395054804992	Non-Ironic
829034082151567360	Non-Ironic
828138939756183553	Non-Ironic
826739857909231616	Non-Ironic
826686201130266624	Non-Ironic
824283438840762368	Non-Ironic
903488996340203522	Non-Ironic
822116699138904068	Non-Ironic
821388452608491520	Non-Ironic
820302133660504065	Non-Ironic
818419990009356288	Non-Ironic
818326681933008898	Non-Ironic
817626833831067648	Non-Ironic
815765687625019393	Non-Ironic
929732720657174528	Non-Ironic
929664775344099328	Non-Ironic
929302771001524225	Non-Ironic
928948969601875969	Non-Ironic
928876381827579904	Non-Ironic
928808084129984512	Non-Ironic
928356678579273728	Non-Ironic
928306002868420609	Non-Ironic
928294990345850886	Non-Ironic
928290734121222149	Non-Ironic
928272808785743872	Non-Ironic
928204456893616129	Non-Ironic
928176386187112449	Non-Ironic
927800507581710336	Non-Ironic
927519806470856706	Non-Ironic
925658248312537088	Non-Ironic
928139233918947328	Non-Ironic
928117704044699648	Non-Ironic
918549540717731840	Non-Ironic
839362380840730624	Non-Ironic
815824988947156992	Non-Ironic
893716386790334464	Non-Ironic
895927365569622016	Non-Ironic
836982509640560640	Non-Ironic
836956656068136960	Non-Ironic
836955215941234688	Non-Ironic
835755089902059521	Non-Ironic
910877989356765186	Non-Ironic
906373171896446977	Non-Ironic
906350509153382401	Non-Ironic
918140989486723072	Non-Ironic
917830462797627392	Non-Ironic
842733984585060353	Non-Ironic
842718524359540736	Non-Ironic
840513539878068224	Non-Ironic
953190549833551872	Non-Ironic
938771374725742594	Non-Ironic
870313983017746432	Non-Ironic
897790723763908609	Non-Ironic
897789930340044800	Non-Ironic
860914177346490368	Non-Ironic
860905968032415744	Non-Ironic
846447791308091392	Non-Ironic
902588612054704128	Non-Ironic
902502087023517697	Non-Ironic
902482549452275712	Non-Ironic
950723143198433280	Non-Ironic
851423852198592513	Non-Ironic
866866863468359680	Non-Ironic
938411534916734977	Non-Ironic
860005225079476225	Non-Ironic
860002858997043200	Non-Ironic
859626800573542400	Non-Ironic
849212504899301376	Non-Ironic
848847216210878464	Non-Ironic
856984383286157312	Non-Ironic
856099205915451393	Non-Ironic
856036961638785025	Non-Ironic
854930364011343874	Non-Ironic
854690825640345600	Non-Ironic
854678142430183425	Non-Ironic
949577463654318081	Non-Ironic
948929399243423744	Non-Ironic
858363917843800065	Non-Ironic
858306287867576320	Non-Ironic
858243304495792129	Non-Ironic
948520980086960128	Non-Ironic
947797575519715328	Non-Ironic
947708174856884224	Non-Ironic
947387181915521024	Non-Ironic
854304847922909184	Non-Ironic
854304082852315136	Non-Ironic
853862517365288960	Non-Ironic
853517416466350085	Non-Ironic
901833791605424128	Non-Ironic
901416713891303424	Non-Ironic
901293433129582592	Non-Ironic
848195755802099712	Non-Ironic
848119151822426112	Non-Ironic
847869117633875969	Non-Ironic
847641360471515138	Non-Ironic
847628998737707008	Non-Ironic
847475134520672256	Non-Ironic
847447841790349312	Non-Ironic
847446859509518336	Non-Ironic
847419941321981952	Non-Ironic
932991102612676608	Non-Ironic
933228379200937984	Non-Ironic
864761376312393729	Non-Ironic
864734535602368512	Non-Ironic
864610876849963008	Non-Ironic
864473067203969024	Non-Ironic
864425989643939841	Non-Ironic
863060152047599616	Non-Ironic
900652890972237824	Non-Ironic
900549902236737538	Non-Ironic
862635219161149440	Non-Ironic
900756330130145280	Non-Ironic
900633103185567744	Non-Ironic
946614496264568832	Non-Ironic
941795613296836608	Non-Ironic
941732338710462464	Non-Ironic
941716136915120128	Non-Ironic
925540823382425600	Non-Ironic
851673515195543552	Non-Ironic
863419146251390976	Non-Ironic
900660039421014018	Non-Ironic
900595912669409281	Non-Ironic
900000314438303744	Non-Ironic
899968084865196033	Non-Ironic
899276157232627713	Non-Ironic
898193338846789638	Non-Ironic
943686649120153600	Non-Ironic
939724588191117312	Non-Ironic
939392626838487040	Non-Ironic
939047308129214464	Non-Ironic
938773398137610240	Non-Ironic
938107616437460992	Non-Ironic
937896037330460672	Non-Ironic
937229264516083712	Non-Ironic
868403629132103680	Non-Ironic
895721851787390976	Non-Ironic
895311217312411648	Non-Ironic
951162180975542272	Non-Ironic
951110208285061120	Non-Ironic
951051854992912385	Non-Ironic
951035294567997440	Non-Ironic
950235708542906368	Non-Ironic
949900225245732866	Non-Ironic
905185707009859584	Non-Ironic
904005218433548288	Non-Ironic
902482373127766017	Non-Ironic
850044492874960898	Non-Ironic
847858773914001408	Non-Ironic
947337277616807937	Non-Ironic
946895185278935040	Non-Ironic
946391606168469504	Non-Ironic
908028794992173056	Non-Ironic
908017094767153152	Non-Ironic
907356142128558080	Non-Ironic
907259847644610560	Non-Ironic
907248115744260096	Non-Ironic
907059395548217344	Non-Ironic
906219105530912768	Non-Ironic
906093600659738625	Non-Ironic
941302262881599488	Non-Ironic
941022547549630464	Non-Ironic
940993212721672192	Non-Ironic
940925866669834241	Non-Ironic
940265065248260097	Non-Ironic
940207729985146880	Non-Ironic
940097886657716224	Non-Ironic
844778542537723904	Non-Ironic
952104231233757184	Non-Ironic
951844423586861057	Non-Ironic
951828883342422026	Non-Ironic
937003368874000384	Non-Ironic
936990789350985730	Non-Ironic
936530734088470528	Non-Ironic
936411643361288192	Non-Ironic
936215695355871232	Non-Ironic
935943203001266177	Non-Ironic
935878021440970752	Non-Ironic
935858681232613376	Non-Ironic
934727498046173184	Non-Ironic
934681137024077830	Non-Ironic
910589848322441218	Non-Ironic
909682079033573379	Non-Ironic
909041094616158214	Non-Ironic
909025191518339072	Non-Ironic
908978632768417794	Non-Ironic
908924452754178049	Non-Ironic
908892713017208832	Non-Ironic
933002835167346688	Non-Ironic
932916390897467392	Non-Ironic
932836985508466688	Non-Ironic
932101941034758149	Non-Ironic
931445823119826944	Non-Ironic
931445088663740421	Non-Ironic
889537870607687684	Non-Ironic
888820753071611905	Non-Ironic
892235858127933440	Non-Ironic
891169508089511936	Non-Ironic
866173229869694976	Non-Ironic
865240584319119360	Non-Ironic
913749672539197441	Non-Ironic
913450676935548928	Non-Ironic
913265026114379776	Non-Ironic
913024259101835269	Non-Ironic
913002611229433857	Non-Ironic
911661806287855617	Non-Ironic
919392133773234176	Non-Ironic
919071155952140288	Non-Ironic
919039426021462016	Non-Ironic
918385836705554432	Non-Ironic
918091681223786496	Non-Ironic
917361557436194817	Non-Ironic
917237410164965376	Non-Ironic
916992676062388224	Non-Ironic
916932305972740096	Non-Ironic
928181694506549248	Non-Ironic
928179957255192576	Non-Ironic
926410354309001216	Non-Ironic
926303175560388608	Non-Ironic
925540823382425600	Non-Ironic
875340568662089728	Non-Ironic
875265935321387008	Non-Ironic
875195461241634816	Non-Ironic
874903167594631171	Non-Ironic
874879697473110018	Non-Ironic
873920027438841856	Non-Ironic
873915345689554944	Non-Ironic
922433162340327426	Non-Ironic
922414753426763776	Non-Ironic
922369797215498240	Non-Ironic
921931427775700993	Non-Ironic
921364754412666880	Non-Ironic
921322882734596096	Non-Ironic
921017174549938176	Non-Ironic
920987897418866693	Non-Ironic
920870994927001600	Non-Ironic
920578360291368961	Non-Ironic
920573688747122688	Non-Ironic
920261997597298688	Non-Ironic
920207617577881601	Non-Ironic
920189399320555520	Non-Ironic
920143755470036992	Non-Ironic
919962573117652992	Non-Ironic
919794216854630400	Non-Ironic
887578564463280128	Non-Ironic
887505574237270016	Non-Ironic
886636660817104897	Non-Ironic
886634762953252864	Non-Ironic
886531994448015360	Non-Ironic
886499701796749312	Non-Ironic
886311062944882689	Non-Ironic
886249487873736704	Non-Ironic
885775593815650305	Non-Ironic
885678157432446977	Non-Ironic
885384653502394369	Non-Ironic
885322767217938433	Non-Ironic
885248274080444417	Non-Ironic
916726411099910144	Non-Ironic
916661042754834433	Non-Ironic
916651080355741696	Non-Ironic
916572722322300933	Non-Ironic
916371815785627650	Non-Ironic
916321536050569216	Non-Ironic
916316264703733761	Non-Ironic
916157840602963968	Non-Ironic
915985318179831808	Non-Ironic
915899597490290689	Non-Ironic
915786557549719552	Non-Ironic
915514147927769089	Non-Ironic
914711743024185346	Non-Ironic
914566338093268993	Non-Ironic
914565121514471424	Non-Ironic
914526959153160195	Non-Ironic
914433159759933445	Non-Ironic
914432597048016896	Non-Ironic
914355385062043648	Non-Ironic
914149144117133312	Non-Ironic
879071185660776450	Non-Ironic
879052664440410112	Non-Ironic
879051802762657792	Non-Ironic
878867553283702788	Non-Ironic
878837985508249600	Non-Ironic
878681732349804544	Non-Ironic
878609944987148289	Non-Ironic
878332229570641920	Non-Ironic
878267044029911040	Non-Ironic
877941732146532353	Non-Ironic
877930655136481281	Non-Ironic
877753084302155776	Non-Ironic
877229461367693312	Non-Ironic
876850513568034816	Non-Ironic
931243545343774720	Non-Ironic
931042450440781824	Non-Ironic
930864438608924673	Non-Ironic
930641487292907520	Non-Ironic
930508251501752320	Non-Ironic
930435965591609344	Non-Ironic
930319226774028296	Non-Ironic
929978636375015425	Non-Ironic
929732720657174528	Non-Ironic
929643792201691136	Non-Ironic
929365894907572226	Non-Ironic
929332836988960768	Non-Ironic
929313732194381824	Non-Ironic
929288891768610816	Non-Ironic
929276784771608576	Non-Ironic
929265984740794368	Non-Ironic
929249103975915520	Non-Ironic
929232702401925121	Non-Ironic
929206018592071680	Non-Ironic
929048056560881664	Non-Ironic
929030849080774656	Non-Ironic
929005523009019904	Non-Ironic
928933832631267328	Non-Ironic
928845375795900416	Non-Ironic
884649329176305664	Non-Ironic
884096878362607618	Non-Ironic
884064999655825408	Non-Ironic
884057988226441218	Non-Ironic
883939594252824576	Non-Ironic
883911281597722624	Non-Ironic
883801188474306560	Non-Ironic
883725224872558594	Non-Ironic
883685577882652673	Non-Ironic
883295214701486081	Non-Ironic
883000145612230657	Non-Ironic
882968032158507008	Non-Ironic
882960967545495552	Non-Ironic
882929584034816001	Non-Ironic
882886823571107840	Non-Ironic
882676946991063041	Non-Ironic
882647844821229568	Non-Ironic
882625670299344896	Non-Ironic
882583681054978048	Non-Ironic
882569008268161024	Non-Ironic
882267794049347585	Non-Ironic
882170685316939776	Non-Ironic
882116428404412416	Non-Ironic
881844071689355265	Non-Ironic
881835434640236544	Non-Ironic
881830528609120256	Non-Ironic
881761721005752320	Non-Ironic
881607348858519561	Non-Ironic
881576886110900226	Non-Ironic
881516236840075265	Non-Ironic
881514268767604736	Non-Ironic
881513600946323457	Non-Ironic
881488296685305856	Non-Ironic
881447759089254400	Non-Ironic
881437453814448130	Non-Ironic
881419197175169026	Non-Ironic
881387210234310661	Non-Ironic
881369055034195968	Non-Ironic
881330167045599232	Non-Ironic
881318006525235201	Non-Ironic
881239941723901954	Non-Ironic
881237582658404352	Non-Ironic
881204688388898816	Non-Ironic
881185555421200384	Non-Ironic
881181416226258944	Non-Ironic
881142474957352960	Non-Ironic
881137813923737600	Non-Ironic
881132973906509824	Non-Ironic
881127496078503936	Non-Ironic
881114584098197504	Non-Ironic
881093962861207553	Non-Ironic
881080715508449281	Non-Ironic
881074647709523968	Non-Ironic
881074060574154752	Non-Ironic
881068862137085952	Non-Ironic
881063864619683840	Non-Ironic
881054363149402112	Non-Ironic
881050168946073600	Non-Ironic
881049716665925633	Non-Ironic
881049341154033664	Non-Ironic
881048897409265664	Non-Ironic
881040294665269253	Non-Ironic
881027151956504576	Non-Ironic
881017025317003264	Non-Ironic
881013948748673024	Non-Ironic
880993028294553600	Non-Ironic
880988538539585536	Non-Ironic
880975278608195584	Non-Ironic
880962595485700096	Non-Ironic
880888775227961344	Non-Ironic
880877319581315073	Non-Ironic
880868813335662593	Non-Ironic
880867507959201794	Non-Ironic
880864335035121664	Non-Ironic
880863871170473984	Non-Ironic
880859462902267904	Non-Ironic
880859513540169728	Non-Ironic
880859459656044550	Non-Ironic
880857491369861121	Non-Ironic
880854377811984385	Non-Ironic
880853331136061440	Non-Ironic
880852353548603392	Non-Ironic
880851717033799680	Non-Ironic
880851543246880768	Non-Ironic
880846263213797376	Non-Ironic
880845313094950914	Non-Ironic
880811215978737665	Non-Ironic
880277683342643200	Non-Ironic
880056451833647106	Non-Ironic
880839799921188864	Non-Ironic
880827159023169540	Non-Ironic
880824029006974978	Non-Ironic
880803922629341187	Non-Ironic
880783040141819905	Non-Ironic
880376556673146880	Non-Ironic
880459224433786881	Non-Ironic
880478797681840129	Non-Ironic
880500474255986688	Non-Ironic
880661712717983744	Non-Ironic
953040403367940098	Non-Ironic
953028596330893315	Non-Ironic
953015252580417536	Non-Ironic
953308877294055424	Non-Ironic
953005691697901568	Non-Ironic
952993174078734336	Non-Ironic
952986745833906176	Non-Ironic
952984042051268609	Non-Ironic
952981540610359296	Non-Ironic
952970633738117122	Non-Ironic
952970249124458496	Non-Ironic
952969081497538560	Non-Ironic
952969081384308739	Non-Ironic
952964664396148737	Non-Ironic
952963041431314432	Non-Ironic
952962717098397696	Non-Ironic
952958214512848896	Non-Ironic
952956259417825282	Non-Ironic
952952095220658177	Non-Ironic
952949187007545344	Non-Ironic
952947142498443264	Non-Ironic
952946989729169408	Non-Ironic
952946298830794752	Non-Ironic
952945245095899137	Non-Ironic
952944822507229184	Non-Ironic
952941567420940289	Non-Ironic
952939646006173696	Non-Ironic
952939169252196352	Non-Ironic
952939099865755650	Non-Ironic
952935032812748801	Non-Ironic
952934074158497792	Non-Ironic
952931506015662082	Non-Ironic
952928156490588162	Non-Ironic
952927413494800385	Non-Ironic
952925437285421056	Non-Ironic
952921307431120896	Non-Ironic
952918560992612352	Non-Ironic
952915266849198080	Non-Ironic
952914296295522310	Non-Ironic
952913796405710849	Non-Ironic
952913220196474881	Non-Ironic
952908630411460608	Non-Ironic
952903398206062592	Non-Ironic
952903267696037894	Non-Ironic
952902025154613248	Non-Ironic
952901562917044224	Non-Ironic
952896784401031172	Non-Ironic
952886499783200769	Non-Ironic
952884900037787655	Non-Ironic
952882278081941506	Non-Ironic
952875082728095744	Non-Ironic
952865277544460288	Non-Ironic
952859068913340417	Non-Ironic
952853881616289793	Non-Ironic
952853206412873729	Non-Ironic
952851870283857920	Non-Ironic
952849971673317376	Non-Ironic
952848005664837632	Non-Ironic
952844135035269121	Non-Ironic
952842375843299328	Non-Ironic
952840217689391105	Non-Ironic
952838946798448640	Non-Ironic
952837643510865920	Non-Ironic
952831468597796864	Non-Ironic
952829654854918144	Non-Ironic
952804896792809472	Non-Ironic
952800658759004160	Non-Ironic
952787795440934912	Non-Ironic
952767452571553794	Non-Ironic
952767228495253504	Non-Ironic
952725167289008128	Non-Ironic
952719789767589888	Non-Ironic
952687511821869057	Non-Ironic
952628823228633088	Non-Ironic
952613045687193600	Non-Ironic
952607438930243584	Non-Ironic
952586411844104194	Non-Ironic
952555513736081409	Non-Ironic
952471295001731072	Non-Ironic
952462694010929153	Non-Ironic
952426421141626880	Non-Ironic
955921516486471680	Non-Ironic
955901505688793088	Non-Ironic
955900871757520896	Non-Ironic
955871560484642816	Non-Ironic
955865462289481728	Non-Ironic
955862505166786560	Non-Ironic
955859752726048768	Non-Ironic
955858213202636800	Non-Ironic
955852992569229312	Non-Ironic
955844790066864128	Non-Ironic
955844438927945729	Non-Ironic
955841603226054656	Non-Ironic
955841317107523586	Non-Ironic
955832405797101568	Non-Ironic
955832345000665091	Non-Ironic
955779213218365440	Non-Ironic
955777553129644032	Non-Ironic
955749872342155264	Non-Ironic
955725279896350720	Non-Ironic
955717450728787968	Non-Ironic
955712190719275008	Non-Ironic
955701290562039808	Non-Ironic
955692437044736000	Non-Ironic
955690060480839681	Non-Ironic
955689706519453696	Non-Ironic
955689584725127168	Non-Ironic
955675410221576192	Non-Ironic
955668880118042624	Non-Ironic
955661243712524288	Non-Ironic
955588477051060224	Non-Ironic
955511895754121216	Non-Ironic
955510982528319488	Non-Ironic
955496269656465408	Non-Ironic
955486843625230336	Non-Ironic
955459747087507456	Non-Ironic
955455938500091904	Non-Ironic
955454653713367040	Non-Ironic
955447165677023233	Non-Ironic
955444505724928000	Non-Ironic
955441580860583936	Non-Ironic
955430491217260545	Non-Ironic
955385024160808960	Non-Ironic
955353976286752768	Non-Ironic
955342880268275712	Non-Ironic
955342580245520384	Non-Ironic
955321364746977283	Non-Ironic
955320480008871936	Non-Ironic
955319905208840193	Non-Ironic
955297069329039360	Non-Ironic
955291452023611392	Non-Ironic
955290968814751746	Non-Ironic
955261838526095360	Non-Ironic
955233714362925056	Non-Ironic
955160449955217408	Non-Ironic
955141206245228545	Non-Ironic
955132171131351040	Non-Ironic
955130993970577409	Non-Ironic
955125864890482688	Non-Ironic
955117412831002624	Non-Ironic
955112648101707776	Non-Ironic
955102131735879682	Non-Ironic
955099878438223877	Non-Ironic
955097210982612992	Non-Ironic
955094880769867779	Non-Ironic
955093151340838918	Non-Ironic
955065992316575744	Non-Ironic
955025957311541255	Non-Ironic
955024098039545856	Non-Ironic
955018695297953792	Non-Ironic
955008947479486464	Non-Ironic
954991688933564416	Non-Ironic
954924671098535936	Non-Ironic
954784906009223169	Non-Ironic
954779687368060928	Non-Ironic
954748997947809793	Non-Ironic
954745665011122177	Non-Ironic
954721158003294209	Non-Ironic
954653209401815041	Non-Ironic
954646020129878016	Non-Ironic
954628989313728515	Non-Ironic
954612988912156679	Non-Ironic
954607127334653953	Non-Ironic
954583079993032704	Non-Ironic
954570563313328128	Non-Ironic
954431272398409728	Non-Ironic
954419377184522240	Non-Ironic
954406546229858304	Non-Ironic
